Group,GroupSize,TransportedCount,NotTransportedCount,AllSameValue
1,1,0,1,True
2,1,1,0,True
3,2,0,2,True
4,1,1,0,True
5,1,1,0,True
6,2,2,0,True
7,1,1,0,True
8,3,3,0,True
9,1,1,0,True
10,1,0,1,True
11,1,1,0,True
12,1,0,1,True
14,1,0,1,True
15,1,0,1,True
16,1,1,0,True
17,2,1,1,False
20,6,1,5,False
22,1,0,1,True
24,1,1,0,True
25,1,0,1,True
26,1,0,1,True
28,1,0,1,True
30,1,0,1,True
31,3,3,0,True
34,1,1,0,True
35,1,0,1,True
36,1,0,1,True
38,1,0,1,True
39,1,0,1,True
41,1,1,0,True
43,1,0,1,True
44,3,2,1,False
45,2,1,1,False
50,1,0,1,True
51,1,0,1,True
52,1,0,1,True
53,1,1,0,True
56,3,3,0,True
58,1,0,1,True
61,1,0,1,True
62,1,0,1,True
64,2,2,0,True
66,1,0,1,True
67,3,2,1,False
68,1,0,1,True
69,1,1,0,True
70,1,0,1,True
71,1,0,1,True
72,1,0,1,True
73,1,0,1,True
74,1,1,0,True
76,1,1,0,True
77,1,1,0,True
78,1,0,1,True
81,1,0,1,True
82,3,2,1,False
84,1,1,0,True
85,1,1,0,True
86,1,0,1,True
88,1,1,0,True
90,1,1,0,True
91,2,1,1,False
92,3,2,1,False
97,1,0,1,True
98,2,1,1,False
99,2,1,1,False
101,1,1,0,True
102,1,0,1,True
103,3,2,1,False
105,1,0,1,True
107,1,0,1,True
108,3,1,2,False
110,4,2,2,False
111,1,1,0,True
112,1,1,0,True
113,1,1,0,True
114,1,0,1,True
115,1,1,0,True
116,1,1,0,True
119,2,1,1,False
120,1,1,0,True
122,1,0,1,True
123,1,0,1,True
126,1,1,0,True
127,1,0,1,True
128,2,0,2,True
129,1,1,0,True
133,2,1,1,False
134,1,1,0,True
136,1,0,1,True
138,2,1,1,False
139,1,1,0,True
140,2,1,1,False
141,1,0,1,True
144,1,1,0,True
146,1,0,1,True
147,1,1,0,True
148,1,0,1,True
149,1,1,0,True
151,1,0,1,True
152,1,0,1,True
160,1,0,1,True
163,2,2,0,True
164,2,1,1,False
165,1,1,0,True
167,2,1,1,False
169,1,0,1,True
170,1,0,1,True
171,1,1,0,True
172,1,1,0,True
173,1,1,0,True
174,1,0,1,True
177,1,0,1,True
178,1,0,1,True
179,3,2,1,False
181,1,0,1,True
182,1,1,0,True
183,1,1,0,True
186,1,0,1,True
188,1,1,0,True
189,1,0,1,True
190,1,0,1,True
192,3,1,2,False
193,3,2,1,False
195,1,1,0,True
196,1,0,1,True
197,1,0,1,True
198,1,1,0,True
199,1,0,1,True
200,1,1,0,True
201,2,2,0,True
202,2,2,0,True
203,1,1,0,True
205,1,0,1,True
206,1,1,0,True
207,1,0,1,True
210,1,1,0,True
211,3,2,1,False
212,2,0,2,True
213,1,0,1,True
216,1,0,1,True
217,1,0,1,True
219,1,1,0,True
220,7,3,4,False
221,7,1,6,False
222,3,2,1,False
223,1,0,1,True
224,1,0,1,True
225,1,1,0,True
229,1,0,1,True
231,1,0,1,True
232,1,0,1,True
233,1,0,1,True
234,1,0,1,True
237,1,1,0,True
239,1,0,1,True
240,1,1,0,True
241,1,0,1,True
242,1,0,1,True
243,1,0,1,True
244,2,2,0,True
245,2,1,1,False
246,1,0,1,True
248,1,0,1,True
250,1,0,1,True
251,1,1,0,True
252,1,0,1,True
253,1,0,1,True
254,1,1,0,True
255,1,1,0,True
257,2,1,1,False
258,1,0,1,True
260,1,0,1,True
261,1,0,1,True
263,1,1,0,True
265,1,1,0,True
267,1,0,1,True
269,1,1,0,True
270,1,0,1,True
275,1,1,0,True
277,1,1,0,True
278,2,0,2,True
281,1,1,0,True
282,1,1,0,True
283,2,2,0,True
285,2,2,0,True
286,1,0,1,True
287,2,1,1,False
288,1,0,1,True
289,1,1,0,True
290,4,4,0,True
291,1,1,0,True
294,1,1,0,True
297,1,1,0,True
298,1,1,0,True
301,1,0,1,True
302,1,0,1,True
303,1,1,0,True
304,1,0,1,True
305,1,0,1,True
306,1,0,1,True
307,1,1,0,True
309,1,0,1,True
310,1,0,1,True
313,4,4,0,True
314,1,0,1,True
315,1,1,0,True
316,2,2,0,True
320,2,0,2,True
321,1,0,1,True
322,1,0,1,True
324,1,0,1,True
326,1,0,1,True
327,1,1,0,True
330,3,2,1,False
331,1,0,1,True
333,1,1,0,True
334,1,0,1,True
336,1,0,1,True
337,3,3,0,True
338,1,1,0,True
340,1,1,0,True
341,1,0,1,True
343,1,0,1,True
345,1,0,1,True
346,1,1,0,True
347,1,0,1,True
348,2,2,0,True
350,1,1,0,True
352,1,0,1,True
355,1,1,0,True
356,1,1,0,True
357,1,0,1,True
358,2,2,0,True
359,1,0,1,True
360,1,0,1,True
361,1,1,0,True
365,1,0,1,True
368,2,1,1,False
369,1,1,0,True
370,1,0,1,True
371,1,1,0,True
372,1,0,1,True
373,1,0,1,True
375,1,0,1,True
376,1,1,0,True
377,1,0,1,True
378,7,4,3,False
379,1,1,0,True
380,1,1,0,True
381,2,2,0,True
382,1,0,1,True
383,2,0,2,True
384,2,2,0,True
385,1,0,1,True
387,1,0,1,True
388,1,0,1,True
389,1,0,1,True
391,1,1,0,True
392,1,0,1,True
395,2,0,2,True
396,1,1,0,True
397,1,1,0,True
398,1,0,1,True
401,2,0,2,True
402,1,1,0,True
403,1,1,0,True
405,1,0,1,True
407,3,0,3,True
408,1,0,1,True
409,1,0,1,True
410,1,0,1,True
411,1,0,1,True
412,1,1,0,True
413,1,0,1,True
415,1,0,1,True
417,3,2,1,False
423,1,1,0,True
425,3,2,1,False
427,1,1,0,True
428,1,1,0,True
429,2,2,0,True
430,1,1,0,True
431,1,1,0,True
432,1,0,1,True
433,2,1,1,False
434,1,1,0,True
435,1,1,0,True
436,2,1,1,False
437,2,0,2,True
438,1,1,0,True
439,1,0,1,True
441,1,0,1,True
442,1,0,1,True
444,2,0,2,True
445,2,0,2,True
446,1,1,0,True
447,1,1,0,True
448,2,1,1,False
449,1,1,0,True
452,1,1,0,True
453,3,3,0,True
454,3,3,0,True
456,1,0,1,True
457,3,1,2,False
458,1,1,0,True
459,1,0,1,True
460,1,1,0,True
461,3,3,0,True
462,1,0,1,True
463,2,0,2,True
465,2,1,1,False
466,1,0,1,True
468,1,0,1,True
470,2,2,0,True
471,2,1,1,False
472,1,0,1,True
474,1,1,0,True
475,1,0,1,True
476,3,2,1,False
477,1,0,1,True
480,1,0,1,True
481,1,1,0,True
482,2,0,2,True
485,1,0,1,True
487,1,0,1,True
488,1,0,1,True
490,1,1,0,True
498,2,2,0,True
499,2,1,1,False
500,1,1,0,True
501,1,0,1,True
502,1,0,1,True
503,3,1,2,False
504,6,5,1,False
506,1,1,0,True
507,1,1,0,True
510,1,1,0,True
512,2,2,0,True
513,1,1,0,True
515,1,1,0,True
516,1,0,1,True
517,1,0,1,True
518,1,1,0,True
519,1,1,0,True
520,1,0,1,True
521,1,1,0,True
522,1,0,1,True
523,1,1,0,True
525,1,1,0,True
527,2,1,1,False
528,1,0,1,True
529,1,0,1,True
531,2,1,1,False
533,1,0,1,True
534,2,0,2,True
537,1,0,1,True
538,1,1,0,True
539,5,4,1,False
540,2,1,1,False
542,1,0,1,True
545,1,0,1,True
546,1,0,1,True
547,1,0,1,True
548,1,1,0,True
549,2,2,0,True
550,1,1,0,True
551,1,0,1,True
552,1,1,0,True
553,2,2,0,True
555,2,1,1,False
556,1,1,0,True
559,1,0,1,True
560,3,2,1,False
561,1,0,1,True
563,1,0,1,True
564,3,2,1,False
565,1,0,1,True
566,1,1,0,True
567,1,1,0,True
568,2,1,1,False
569,1,1,0,True
570,1,1,0,True
571,7,5,2,False
572,1,0,1,True
573,1,0,1,True
575,1,1,0,True
576,1,0,1,True
577,1,0,1,True
579,2,1,1,False
580,1,1,0,True
581,1,0,1,True
582,1,1,0,True
583,3,3,0,True
585,3,2,1,False
586,1,1,0,True
587,1,0,1,True
588,1,0,1,True
589,1,0,1,True
590,1,0,1,True
591,1,0,1,True
593,1,0,1,True
594,2,0,2,True
596,1,1,0,True
597,2,1,1,False
598,1,0,1,True
599,4,3,1,False
600,1,1,0,True
602,3,2,1,False
603,1,0,1,True
607,3,0,3,True
608,1,1,0,True
609,1,0,1,True
610,1,0,1,True
611,1,1,0,True
612,1,1,0,True
614,1,1,0,True
615,3,2,1,False
618,2,1,1,False
619,2,2,0,True
623,1,1,0,True
628,1,1,0,True
629,1,0,1,True
630,1,1,0,True
631,1,1,0,True
633,1,0,1,True
634,1,0,1,True
635,2,1,1,False
636,2,0,2,True
637,1,0,1,True
638,1,1,0,True
639,1,1,0,True
641,1,0,1,True
642,5,4,1,False
643,1,1,0,True
644,1,1,0,True
645,1,0,1,True
646,1,1,0,True
647,3,2,1,False
650,1,1,0,True
653,1,1,0,True
655,1,1,0,True
656,1,0,1,True
657,2,1,1,False
658,1,0,1,True
659,1,1,0,True
660,1,0,1,True
661,1,0,1,True
663,1,1,0,True
664,1,0,1,True
665,2,1,1,False
668,1,0,1,True
669,1,0,1,True
671,1,1,0,True
672,1,0,1,True
674,1,0,1,True
677,1,0,1,True
678,1,0,1,True
679,1,0,1,True
680,3,0,3,True
682,1,1,0,True
683,1,0,1,True
684,3,3,0,True
685,1,0,1,True
686,2,1,1,False
687,1,0,1,True
688,1,0,1,True
689,1,1,0,True
690,1,1,0,True
691,3,1,2,False
693,2,1,1,False
696,1,1,0,True
697,1,1,0,True
699,2,1,1,False
701,1,1,0,True
702,1,0,1,True
703,1,1,0,True
704,1,1,0,True
705,1,1,0,True
707,1,1,0,True
709,3,3,0,True
710,1,0,1,True
712,2,1,1,False
713,1,0,1,True
714,7,4,3,False
715,1,1,0,True
718,1,0,1,True
719,1,0,1,True
724,1,0,1,True
726,1,0,1,True
727,1,1,0,True
728,1,1,0,True
729,1,1,0,True
732,1,0,1,True
733,1,0,1,True
734,1,0,1,True
736,1,0,1,True
737,1,0,1,True
738,1,1,0,True
740,3,1,2,False
743,1,1,0,True
746,1,0,1,True
750,1,0,1,True
753,3,2,1,False
754,1,1,0,True
756,3,2,1,False
757,1,0,1,True
761,1,1,0,True
762,1,0,1,True
764,1,0,1,True
765,2,1,1,False
767,1,0,1,True
768,2,1,1,False
769,1,1,0,True
770,6,2,4,False
771,1,0,1,True
772,4,3,1,False
773,1,0,1,True
776,1,1,0,True
777,1,0,1,True
779,1,0,1,True
781,1,0,1,True
782,1,1,0,True
784,1,1,0,True
785,1,0,1,True
786,1,1,0,True
787,1,0,1,True
788,1,0,1,True
789,3,1,2,False
790,1,1,0,True
791,1,0,1,True
793,1,0,1,True
794,2,2,0,True
795,1,0,1,True
796,1,1,0,True
797,1,0,1,True
798,1,1,0,True
799,1,0,1,True
802,1,1,0,True
805,1,1,0,True
806,2,1,1,False
808,1,0,1,True
809,4,2,2,False
811,3,2,1,False
813,1,1,0,True
815,1,0,1,True
816,1,0,1,True
817,1,0,1,True
818,1,1,0,True
819,1,1,0,True
820,2,1,1,False
822,1,1,0,True
823,2,2,0,True
824,1,0,1,True
825,1,1,0,True
826,1,1,0,True
828,2,1,1,False
829,1,1,0,True
830,1,1,0,True
833,1,1,0,True
834,1,0,1,True
835,1,0,1,True
836,1,0,1,True
839,1,0,1,True
840,1,0,1,True
845,1,0,1,True
846,1,0,1,True
848,2,2,0,True
849,2,2,0,True
850,1,1,0,True
851,1,0,1,True
853,1,1,0,True
859,1,1,0,True
860,1,0,1,True
863,3,0,3,True
865,2,2,0,True
867,1,0,1,True
868,1,1,0,True
869,1,0,1,True
870,1,0,1,True
871,1,1,0,True
873,1,0,1,True
874,1,0,1,True
875,1,0,1,True
876,1,0,1,True
877,1,1,0,True
878,1,0,1,True
879,1,0,1,True
881,1,0,1,True
883,1,0,1,True
885,2,1,1,False
889,2,1,1,False
890,1,0,1,True
893,1,1,0,True
898,1,0,1,True
899,2,1,1,False
901,1,1,0,True
902,1,1,0,True
903,1,0,1,True
904,1,0,1,True
905,1,0,1,True
906,1,1,0,True
907,2,0,2,True
910,1,1,0,True
911,2,1,1,False
912,1,1,0,True
913,1,0,1,True
915,1,0,1,True
918,1,0,1,True
919,1,0,1,True
921,1,0,1,True
922,2,1,1,False
923,2,2,0,True
924,1,0,1,True
925,3,2,1,False
926,2,1,1,False
927,1,0,1,True
928,1,1,0,True
930,2,1,1,False
931,1,1,0,True
932,1,1,0,True
933,2,1,1,False
935,1,0,1,True
938,3,2,1,False
939,1,1,0,True
940,1,1,0,True
941,1,0,1,True
942,1,0,1,True
944,2,0,2,True
946,1,1,0,True
947,1,0,1,True
949,1,1,0,True
951,1,1,0,True
952,1,0,1,True
953,1,0,1,True
955,1,0,1,True
956,1,1,0,True
957,1,1,0,True
960,1,0,1,True
961,1,1,0,True
964,2,2,0,True
965,1,0,1,True
966,1,0,1,True
968,1,0,1,True
969,1,1,0,True
970,1,1,0,True
971,1,0,1,True
972,1,0,1,True
975,1,1,0,True
976,1,0,1,True
978,1,0,1,True
979,1,1,0,True
982,2,1,1,False
983,1,1,0,True
984,8,3,5,False
985,1,1,0,True
987,1,0,1,True
988,2,1,1,False
989,1,0,1,True
990,1,0,1,True
991,1,0,1,True
992,6,3,3,False
993,1,0,1,True
994,2,0,2,True
995,1,1,0,True
997,1,0,1,True
998,1,1,0,True
1000,1,0,1,True
1001,1,0,1,True
1002,3,2,1,False
1004,1,1,0,True
1005,1,0,1,True
1006,3,2,1,False
1008,2,2,0,True
1011,2,0,2,True
1012,1,1,0,True
1013,1,0,1,True
1014,1,1,0,True
1015,1,0,1,True
1017,1,0,1,True
1018,1,1,0,True
1019,1,1,0,True
1020,1,1,0,True
1022,1,0,1,True
1024,4,1,3,False
1025,1,0,1,True
1026,1,0,1,True
1027,4,2,2,False
1029,1,1,0,True
1030,1,0,1,True
1031,1,0,1,True
1032,1,0,1,True
1033,1,1,0,True
1034,1,0,1,True
1035,1,1,0,True
1036,1,1,0,True
1038,1,0,1,True
1040,1,1,0,True
1041,1,1,0,True
1043,1,0,1,True
1045,2,0,2,True
1046,1,0,1,True
1047,1,1,0,True
1048,1,1,0,True
1049,2,2,0,True
1051,1,0,1,True
1052,1,0,1,True
1053,1,0,1,True
1054,1,1,0,True
1056,2,2,0,True
1057,1,1,0,True
1058,1,0,1,True
1060,1,0,1,True
1062,1,0,1,True
1063,2,2,0,True
1065,1,1,0,True
1066,1,1,0,True
1068,1,0,1,True
1071,1,0,1,True
1075,2,2,0,True
1076,1,0,1,True
1077,1,0,1,True
1078,1,0,1,True
1079,1,0,1,True
1080,1,0,1,True
1082,1,0,1,True
1083,3,3,0,True
1084,1,0,1,True
1085,1,0,1,True
1086,5,3,2,False
1088,1,0,1,True
1089,2,1,1,False
1091,1,1,0,True
1093,1,1,0,True
1094,1,0,1,True
1095,1,1,0,True
1096,1,0,1,True
1097,1,1,0,True
1099,1,0,1,True
1100,4,1,3,False
1102,1,0,1,True
1105,1,0,1,True
1108,2,1,1,False
1110,2,1,1,False
1112,1,1,0,True
1113,1,1,0,True
1114,2,0,2,True
1115,1,1,0,True
1116,3,3,0,True
1117,1,0,1,True
1121,1,1,0,True
1123,1,0,1,True
1127,1,1,0,True
1129,1,0,1,True
1130,2,1,1,False
1132,1,0,1,True
1133,1,1,0,True
1134,1,1,0,True
1136,1,1,0,True
1140,3,3,0,True
1141,1,1,0,True
1142,1,1,0,True
1144,3,1,2,False
1146,1,0,1,True
1147,1,1,0,True
1148,7,4,3,False
1149,5,1,4,False
1150,1,0,1,True
1152,1,0,1,True
1153,1,1,0,True
1154,3,3,0,True
1155,2,1,1,False
1156,2,1,1,False
1161,2,1,1,False
1162,1,1,0,True
1163,1,1,0,True
1165,4,2,2,False
1166,1,0,1,True
1167,1,1,0,True
1168,1,0,1,True
1169,1,0,1,True
1170,1,0,1,True
1173,1,1,0,True
1174,1,1,0,True
1175,1,1,0,True
1177,1,1,0,True
1178,1,0,1,True
1179,1,1,0,True
1180,1,0,1,True
1182,3,3,0,True
1185,1,0,1,True
1186,5,2,3,False
1187,3,0,3,True
1188,1,0,1,True
1190,1,1,0,True
1191,1,0,1,True
1192,1,0,1,True
1193,2,2,0,True
1195,1,1,0,True
1197,1,0,1,True
1198,1,1,0,True
1199,1,0,1,True
1203,1,0,1,True
1206,1,0,1,True
1208,1,0,1,True
1210,2,1,1,False
1211,7,3,4,False
1212,1,0,1,True
1213,1,1,0,True
1214,1,1,0,True
1215,1,1,0,True
1216,1,1,0,True
1218,1,0,1,True
1220,1,0,1,True
1221,2,0,2,True
1222,1,0,1,True
1223,1,1,0,True
1225,1,1,0,True
1228,2,2,0,True
1229,1,1,0,True
1230,1,0,1,True
1231,1,0,1,True
1232,2,1,1,False
1233,1,1,0,True
1234,1,1,0,True
1235,1,1,0,True
1236,1,0,1,True
1238,2,2,0,True
1239,1,1,0,True
1240,1,1,0,True
1242,1,1,0,True
1243,2,0,2,True
1246,1,0,1,True
1248,1,1,0,True
1250,1,0,1,True
1254,2,0,2,True
1255,2,2,0,True
1256,1,0,1,True
1258,1,0,1,True
1259,1,0,1,True
1260,1,1,0,True
1261,1,0,1,True
1263,1,0,1,True
1264,1,0,1,True
1267,1,1,0,True
1269,1,0,1,True
1271,1,0,1,True
1273,1,0,1,True
1274,1,0,1,True
1278,1,0,1,True
1279,1,1,0,True
1280,1,1,0,True
1281,1,0,1,True
1282,1,0,1,True
1283,1,0,1,True
1284,1,1,0,True
1285,1,0,1,True
1286,1,1,0,True
1287,3,2,1,False
1288,1,0,1,True
1289,2,0,2,True
1291,1,0,1,True
1292,2,2,0,True
1293,1,0,1,True
1294,3,2,1,False
1295,1,0,1,True
1299,1,1,0,True
1300,1,0,1,True
1302,1,1,0,True
1304,6,3,3,False
1306,2,2,0,True
1307,1,0,1,True
1308,4,2,2,False
1309,1,1,0,True
1310,1,0,1,True
1311,3,1,2,False
1312,1,1,0,True
1316,2,1,1,False
1317,1,0,1,True
1322,1,1,0,True
1323,1,1,0,True
1324,3,1,2,False
1325,3,2,1,False
1326,2,0,2,True
1328,1,0,1,True
1330,2,1,1,False
1331,1,1,0,True
1332,1,0,1,True
1333,1,0,1,True
1335,1,0,1,True
1336,1,1,0,True
1337,1,0,1,True
1340,1,0,1,True
1342,1,0,1,True
1345,1,0,1,True
1347,1,1,0,True
1348,2,1,1,False
1350,4,1,3,False
1351,1,0,1,True
1352,1,0,1,True
1353,4,3,1,False
1355,1,1,0,True
1356,1,0,1,True
1357,1,1,0,True
1360,1,1,0,True
1362,1,0,1,True
1365,2,1,1,False
1366,1,1,0,True
1368,1,0,1,True
1370,1,0,1,True
1371,1,0,1,True
1375,2,0,2,True
1376,1,0,1,True
1377,1,1,0,True
1378,2,1,1,False
1379,1,0,1,True
1380,1,0,1,True
1381,1,1,0,True
1382,1,0,1,True
1383,1,1,0,True
1384,5,3,2,False
1385,1,0,1,True
1386,1,1,0,True
1387,1,0,1,True
1389,1,1,0,True
1390,1,1,0,True
1391,3,1,2,False
1393,2,0,2,True
1395,1,1,0,True
1397,1,0,1,True
1398,1,1,0,True
1399,1,0,1,True
1400,1,1,0,True
1401,1,0,1,True
1402,2,2,0,True
1403,1,0,1,True
1404,2,0,2,True
1406,1,0,1,True
1407,2,1,1,False
1408,1,0,1,True
1410,1,0,1,True
1412,1,0,1,True
1413,1,0,1,True
1414,1,0,1,True
1415,1,1,0,True
1416,1,0,1,True
1417,1,0,1,True
1419,1,0,1,True
1420,1,0,1,True
1421,2,0,2,True
1423,3,3,0,True
1424,5,4,1,False
1425,3,2,1,False
1426,1,1,0,True
1427,2,1,1,False
1428,1,0,1,True
1430,1,0,1,True
1431,1,1,0,True
1433,1,0,1,True
1434,3,1,2,False
1435,1,0,1,True
1438,1,0,1,True
1439,2,0,2,True
1440,1,0,1,True
1442,1,1,0,True
1443,1,1,0,True
1444,1,1,0,True
1445,1,1,0,True
1447,1,0,1,True
1450,2,1,1,False
1451,2,1,1,False
1452,5,2,3,False
1453,2,1,1,False
1454,1,0,1,True
1455,5,4,1,False
1457,1,0,1,True
1458,1,0,1,True
1460,2,2,0,True
1461,1,0,1,True
1462,1,1,0,True
1463,1,0,1,True
1465,1,0,1,True
1467,1,0,1,True
1474,1,1,0,True
1478,2,0,2,True
1479,1,1,0,True
1481,1,0,1,True
1484,1,0,1,True
1485,1,1,0,True
1488,1,1,0,True
1489,1,0,1,True
1490,1,0,1,True
1491,3,2,1,False
1493,1,0,1,True
1498,1,0,1,True
1499,1,0,1,True
1500,7,4,3,False
1501,1,0,1,True
1503,2,0,2,True
1506,1,1,0,True
1507,4,1,3,False
1509,1,0,1,True
1510,1,0,1,True
1511,4,2,2,False
1515,1,0,1,True
1520,1,1,0,True
1521,1,1,0,True
1523,2,2,0,True
1524,1,1,0,True
1525,1,1,0,True
1526,1,0,1,True
1527,2,2,0,True
1528,1,1,0,True
1529,2,2,0,True
1531,1,0,1,True
1532,1,0,1,True
1533,1,0,1,True
1536,1,1,0,True
1539,1,1,0,True
1540,3,1,2,False
1541,1,1,0,True
1542,1,0,1,True
1543,1,1,0,True
1544,1,0,1,True
1545,1,1,0,True
1547,1,0,1,True
1548,2,2,0,True
1550,2,0,2,True
1551,1,1,0,True
1552,1,0,1,True
1555,1,0,1,True
1558,1,0,1,True
1560,1,0,1,True
1561,1,0,1,True
1562,1,0,1,True
1564,1,0,1,True
1565,1,0,1,True
1567,1,1,0,True
1568,2,1,1,False
1569,1,1,0,True
1572,2,0,2,True
1573,1,0,1,True
1576,1,0,1,True
1577,1,1,0,True
1578,1,0,1,True
1579,1,1,0,True
1580,2,0,2,True
1581,2,2,0,True
1584,2,0,2,True
1585,1,1,0,True
1588,2,2,0,True
1590,2,1,1,False
1592,2,2,0,True
1593,1,0,1,True
1594,1,1,0,True
1595,1,1,0,True
1596,1,1,0,True
1597,1,1,0,True
1599,2,2,0,True
1601,1,0,1,True
1602,1,0,1,True
1603,3,2,1,False
1604,1,0,1,True
1606,1,1,0,True
1608,1,0,1,True
1611,1,1,0,True
1612,2,2,0,True
1613,1,0,1,True
1614,1,0,1,True
1615,3,2,1,False
1617,1,0,1,True
1619,1,1,0,True
1621,2,1,1,False
1622,1,1,0,True
1624,3,3,0,True
1625,2,1,1,False
1626,1,0,1,True
1628,1,1,0,True
1630,3,1,2,False
1631,1,0,1,True
1632,1,1,0,True
1633,2,2,0,True
1634,1,0,1,True
1635,1,0,1,True
1636,1,0,1,True
1637,1,1,0,True
1638,1,0,1,True
1640,1,1,0,True
1644,1,0,1,True
1645,1,0,1,True
1646,1,1,0,True
1647,1,0,1,True
1649,1,0,1,True
1650,1,1,0,True
1651,3,2,1,False
1653,1,0,1,True
1655,2,1,1,False
1656,1,0,1,True
1657,1,0,1,True
1658,1,1,0,True
1659,1,0,1,True
1660,1,0,1,True
1661,4,1,3,False
1662,1,0,1,True
1663,1,1,0,True
1666,1,1,0,True
1668,1,0,1,True
1669,3,1,2,False
1670,2,0,2,True
1671,1,0,1,True
1672,1,0,1,True
1673,1,0,1,True
1674,1,0,1,True
1676,1,0,1,True
1677,1,0,1,True
1681,1,0,1,True
1682,1,1,0,True
1685,3,1,2,False
1687,1,0,1,True
1688,3,1,2,False
1690,1,0,1,True
1691,1,0,1,True
1694,1,1,0,True
1695,1,0,1,True
1696,1,0,1,True
1697,1,0,1,True
1698,1,1,0,True
1699,1,1,0,True
1700,2,1,1,False
1704,2,1,1,False
1705,1,0,1,True
1708,1,0,1,True
1709,7,2,5,False
1710,1,1,0,True
1711,1,0,1,True
1712,2,0,2,True
1713,1,0,1,True
1714,1,0,1,True
1715,1,0,1,True
1717,2,1,1,False
1718,1,1,0,True
1719,1,0,1,True
1721,1,0,1,True
1723,1,0,1,True
1724,1,1,0,True
1725,1,0,1,True
1727,2,1,1,False
1728,1,0,1,True
1729,1,1,0,True
1730,1,1,0,True
1731,2,2,0,True
1733,1,0,1,True
1734,1,1,0,True
1736,1,0,1,True
1738,2,1,1,False
1739,1,1,0,True
1740,1,0,1,True
1742,1,0,1,True
1745,1,0,1,True
1746,1,1,0,True
1747,1,1,0,True
1748,3,1,2,False
1749,1,0,1,True
1752,1,1,0,True
1753,1,1,0,True
1755,1,0,1,True
1757,1,0,1,True
1758,1,0,1,True
1760,1,0,1,True
1761,1,0,1,True
1762,2,1,1,False
1763,1,1,0,True
1764,2,1,1,False
1766,1,0,1,True
1767,4,4,0,True
1768,1,0,1,True
1769,1,1,0,True
1770,1,1,0,True
1771,1,1,0,True
1772,1,0,1,True
1774,1,1,0,True
1775,1,1,0,True
1776,1,0,1,True
1778,1,0,1,True
1779,1,1,0,True
1781,1,1,0,True
1782,2,0,2,True
1783,2,0,2,True
1785,1,0,1,True
1786,1,0,1,True
1792,1,0,1,True
1796,1,1,0,True
1797,1,1,0,True
1798,1,0,1,True
1799,1,0,1,True
1800,5,3,2,False
1802,1,0,1,True
1803,1,0,1,True
1804,1,1,0,True
1805,1,1,0,True
1806,1,0,1,True
1807,1,0,1,True
1808,1,0,1,True
1810,1,0,1,True
1811,2,1,1,False
1812,1,1,0,True
1813,1,0,1,True
1816,2,2,0,True
1817,1,0,1,True
1818,1,1,0,True
1821,1,0,1,True
1822,1,1,0,True
1823,1,1,0,True
1826,1,0,1,True
1827,1,0,1,True
1828,1,1,0,True
1829,6,5,1,False
1831,1,0,1,True
1833,1,0,1,True
1834,1,1,0,True
1836,1,1,0,True
1841,1,0,1,True
1843,1,0,1,True
1844,3,2,1,False
1846,1,0,1,True
1847,1,0,1,True
1848,1,0,1,True
1849,1,0,1,True
1850,2,0,2,True
1853,1,1,0,True
1854,1,1,0,True
1855,2,1,1,False
1856,1,1,0,True
1857,1,0,1,True
1859,1,1,0,True
1860,2,0,2,True
1861,2,1,1,False
1863,1,1,0,True
1864,1,0,1,True
1865,6,1,5,False
1866,1,0,1,True
1868,1,1,0,True
1871,1,1,0,True
1872,1,0,1,True
1873,1,1,0,True
1874,2,0,2,True
1877,1,0,1,True
1878,1,0,1,True
1879,1,0,1,True
1880,1,0,1,True
1881,1,1,0,True
1882,2,2,0,True
1884,1,0,1,True
1886,1,0,1,True
1887,1,0,1,True
1888,1,1,0,True
1889,2,0,2,True
1890,1,0,1,True
1891,1,0,1,True
1892,3,2,1,False
1897,2,2,0,True
1898,1,0,1,True
1899,1,0,1,True
1901,2,2,0,True
1902,1,0,1,True
1903,1,0,1,True
1905,1,0,1,True
1906,1,0,1,True
1907,1,0,1,True
1908,1,0,1,True
1911,1,0,1,True
1915,1,0,1,True
1916,2,1,1,False
1918,3,2,1,False
1920,1,0,1,True
1922,1,0,1,True
1923,2,2,0,True
1925,1,0,1,True
1926,1,0,1,True
1927,1,0,1,True
1928,1,1,0,True
1931,1,1,0,True
1933,1,1,0,True
1935,1,0,1,True
1937,1,0,1,True
1938,1,1,0,True
1939,2,0,2,True
1940,1,0,1,True
1941,1,0,1,True
1942,1,0,1,True
1945,1,0,1,True
1946,1,0,1,True
1947,1,0,1,True
1950,1,0,1,True
1952,1,0,1,True
1953,1,0,1,True
1956,2,1,1,False
1957,1,0,1,True
1959,3,2,1,False
1960,2,2,0,True
1961,1,1,0,True
1962,3,1,2,False
1963,1,0,1,True
1964,1,0,1,True
1967,1,1,0,True
1968,1,1,0,True
1969,1,1,0,True
1971,1,0,1,True
1973,1,1,0,True
1974,1,0,1,True
1975,1,0,1,True
1976,7,6,1,False
1977,1,1,0,True
1978,1,1,0,True
1979,1,0,1,True
1980,3,2,1,False
1981,1,0,1,True
1983,1,0,1,True
1984,1,1,0,True
1985,1,1,0,True
1988,1,0,1,True
1991,2,1,1,False
1992,1,1,0,True
1993,1,0,1,True
1994,1,1,0,True
1995,1,0,1,True
1996,1,0,1,True
1997,1,1,0,True
1999,1,0,1,True
2000,1,1,0,True
2001,1,0,1,True
2003,1,0,1,True
2006,3,0,3,True
2007,1,1,0,True
2009,3,2,1,False
2010,1,1,0,True
2011,1,0,1,True
2012,1,0,1,True
2013,1,0,1,True
2015,1,1,0,True
2019,2,1,1,False
2022,1,0,1,True
2024,2,2,0,True
2026,3,2,1,False
2027,1,1,0,True
2028,1,0,1,True
2029,1,0,1,True
2032,1,1,0,True
2034,1,0,1,True
2038,1,0,1,True
2040,2,2,0,True
2041,1,1,0,True
2042,1,0,1,True
2043,1,1,0,True
2044,1,1,0,True
2045,1,1,0,True
2046,1,0,1,True
2051,1,1,0,True
2052,1,1,0,True
2053,1,0,1,True
2054,1,0,1,True
2055,6,4,2,False
2056,4,1,3,False
2059,1,1,0,True
2060,1,0,1,True
2061,1,1,0,True
2062,1,0,1,True
2063,1,0,1,True
2065,1,0,1,True
2066,1,1,0,True
2067,2,1,1,False
2070,1,1,0,True
2071,2,1,1,False
2073,1,0,1,True
2074,2,1,1,False
2075,1,0,1,True
2080,1,0,1,True
2081,1,1,0,True
2082,1,0,1,True
2083,1,0,1,True
2084,2,1,1,False
2085,1,0,1,True
2086,2,2,0,True
2087,1,1,0,True
2088,2,1,1,False
2089,1,0,1,True
2090,1,1,0,True
2091,1,0,1,True
2092,5,1,4,False
2094,1,1,0,True
2095,1,0,1,True
2096,2,0,2,True
2097,1,1,0,True
2099,1,1,0,True
2100,1,1,0,True
2102,1,0,1,True
2104,2,0,2,True
2105,1,0,1,True
2106,1,0,1,True
2107,1,0,1,True
2110,1,0,1,True
2111,1,0,1,True
2112,1,0,1,True
2114,1,1,0,True
2115,1,1,0,True
2116,1,0,1,True
2117,1,0,1,True
2118,1,0,1,True
2120,1,1,0,True
2121,1,0,1,True
2123,2,1,1,False
2124,1,0,1,True
2125,1,0,1,True
2126,1,0,1,True
2127,1,1,0,True
2128,1,0,1,True
2129,1,0,1,True
2130,1,0,1,True
2131,1,0,1,True
2133,2,1,1,False
2134,1,0,1,True
2135,2,0,2,True
2136,1,0,1,True
2137,3,3,0,True
2138,1,1,0,True
2139,1,1,0,True
2140,1,1,0,True
2141,1,1,0,True
2142,1,1,0,True
2143,2,0,2,True
2144,1,0,1,True
2145,1,0,1,True
2147,1,1,0,True
2148,1,0,1,True
2149,1,1,0,True
2150,1,0,1,True
2152,1,0,1,True
2153,1,0,1,True
2154,1,0,1,True
2156,1,0,1,True
2158,1,1,0,True
2159,1,1,0,True
2161,1,1,0,True
2162,2,2,0,True
2163,1,0,1,True
2164,1,1,0,True
2167,1,0,1,True
2168,2,1,1,False
2171,2,0,2,True
2172,1,1,0,True
2173,1,1,0,True
2175,1,1,0,True
2177,1,1,0,True
2179,1,0,1,True
2180,1,0,1,True
2182,1,0,1,True
2183,2,0,2,True
2186,1,0,1,True
2187,1,0,1,True
2188,1,0,1,True
2189,1,0,1,True
2190,1,0,1,True
2191,1,1,0,True
2193,1,0,1,True
2194,1,0,1,True
2195,1,1,0,True
2196,4,2,2,False
2198,1,1,0,True
2200,1,0,1,True
2201,1,1,0,True
2202,1,0,1,True
2203,1,0,1,True
2204,1,1,0,True
2205,1,0,1,True
2206,1,0,1,True
2207,1,0,1,True
2209,1,0,1,True
2210,1,0,1,True
2211,1,1,0,True
2212,1,0,1,True
2215,4,3,1,False
2219,1,1,0,True
2220,1,1,0,True
2221,1,1,0,True
2223,1,0,1,True
2224,1,1,0,True
2225,1,0,1,True
2228,1,0,1,True
2229,1,0,1,True
2231,1,0,1,True
2232,2,0,2,True
2233,1,0,1,True
2234,7,3,4,False
2235,1,0,1,True
2237,2,2,0,True
2238,1,1,0,True
2239,1,1,0,True
2241,1,0,1,True
2243,1,1,0,True
2251,2,0,2,True
2252,1,0,1,True
2253,1,0,1,True
2254,1,0,1,True
2255,2,2,0,True
2256,1,1,0,True
2257,2,2,0,True
2258,1,1,0,True
2261,1,1,0,True
2262,1,0,1,True
2263,1,0,1,True
2264,1,1,0,True
2266,1,0,1,True
2267,1,1,0,True
2268,1,0,1,True
2269,1,1,0,True
2270,1,1,0,True
2272,3,3,0,True
2273,1,0,1,True
2274,2,2,0,True
2275,1,0,1,True
2277,1,0,1,True
2278,1,1,0,True
2279,1,0,1,True
2280,1,0,1,True
2281,1,1,0,True
2282,1,0,1,True
2284,1,0,1,True
2287,1,0,1,True
2288,1,0,1,True
2289,1,1,0,True
2291,3,0,3,True
2295,2,0,2,True
2296,1,1,0,True
2298,1,0,1,True
2299,1,0,1,True
2300,2,0,2,True
2301,3,1,2,False
2302,1,0,1,True
2303,1,1,0,True
2305,1,0,1,True
2306,6,4,2,False
2308,4,2,2,False
2309,1,0,1,True
2310,4,3,1,False
2311,1,0,1,True
2312,1,0,1,True
2313,1,0,1,True
2314,1,0,1,True
2315,1,1,0,True
2316,1,1,0,True
2317,1,0,1,True
2318,1,0,1,True
2319,1,0,1,True
2320,1,0,1,True
2321,1,1,0,True
2325,1,0,1,True
2327,1,1,0,True
2329,1,1,0,True
2332,1,0,1,True
2333,1,0,1,True
2336,2,1,1,False
2338,2,1,1,False
2339,1,0,1,True
2340,1,0,1,True
2341,1,1,0,True
2345,1,0,1,True
2347,7,3,4,False
2348,1,0,1,True
2349,1,0,1,True
2353,2,1,1,False
2356,3,2,1,False
2357,1,0,1,True
2360,1,1,0,True
2361,2,1,1,False
2363,1,1,0,True
2364,1,1,0,True
2365,1,1,0,True
2366,1,0,1,True
2367,1,0,1,True
2368,1,0,1,True
2369,1,0,1,True
2373,1,0,1,True
2374,1,1,0,True
2375,1,1,0,True
2376,1,0,1,True
2377,1,1,0,True
2379,1,0,1,True
2382,1,0,1,True
2384,7,3,4,False
2385,1,0,1,True
2387,1,1,0,True
2389,1,0,1,True
2390,1,0,1,True
2391,1,0,1,True
2392,1,1,0,True
2395,1,0,1,True
2396,2,0,2,True
2397,1,0,1,True
2398,1,0,1,True
2399,1,0,1,True
2401,1,1,0,True
2402,1,0,1,True
2403,1,0,1,True
2404,4,3,1,False
2406,1,1,0,True
2409,2,1,1,False
2410,1,1,0,True
2411,1,1,0,True
2412,1,1,0,True
2413,1,1,0,True
2414,1,0,1,True
2416,1,0,1,True
2417,1,0,1,True
2419,1,1,0,True
2421,1,1,0,True
2423,1,0,1,True
2424,1,1,0,True
2426,2,2,0,True
2427,1,1,0,True
2429,1,0,1,True
2431,1,0,1,True
2432,1,0,1,True
2433,1,1,0,True
2435,1,0,1,True
2436,1,0,1,True
2438,1,1,0,True
2439,1,1,0,True
2441,1,0,1,True
2442,1,1,0,True
2443,1,0,1,True
2444,1,0,1,True
2445,1,0,1,True
2446,1,1,0,True
2449,3,2,1,False
2451,1,0,1,True
2452,1,0,1,True
2453,1,1,0,True
2454,1,0,1,True
2455,1,0,1,True
2456,1,0,1,True
2457,1,1,0,True
2458,1,1,0,True
2460,1,1,0,True
2461,1,0,1,True
2462,1,0,1,True
2463,1,0,1,True
2466,1,0,1,True
2467,1,0,1,True
2470,2,0,2,True
2471,1,0,1,True
2472,1,0,1,True
2474,1,1,0,True
2475,1,0,1,True
2476,1,0,1,True
2477,2,2,0,True
2478,1,0,1,True
2479,1,0,1,True
2480,1,0,1,True
2483,1,0,1,True
2486,2,0,2,True
2488,1,0,1,True
2489,1,1,0,True
2491,1,0,1,True
2492,1,1,0,True
2496,1,0,1,True
2497,1,0,1,True
2498,1,0,1,True
2499,1,1,0,True
2500,1,0,1,True
2502,1,0,1,True
2503,2,1,1,False
2505,2,0,2,True
2506,3,1,2,False
2508,2,2,0,True
2509,1,0,1,True
2510,1,1,0,True
2512,2,1,1,False
2513,1,0,1,True
2515,2,1,1,False
2516,1,0,1,True
2518,2,2,0,True
2519,1,1,0,True
2520,1,0,1,True
2521,1,0,1,True
2522,1,1,0,True
2523,1,1,0,True
2524,1,1,0,True
2526,1,1,0,True
2527,1,1,0,True
2528,1,1,0,True
2530,1,0,1,True
2531,1,1,0,True
2532,2,1,1,False
2534,2,1,1,False
2535,1,0,1,True
2537,1,1,0,True
2540,1,0,1,True
2541,1,0,1,True
2542,1,0,1,True
2544,2,1,1,False
2545,1,0,1,True
2546,1,0,1,True
2547,2,1,1,False
2548,1,0,1,True
2549,3,1,2,False
2550,1,1,0,True
2551,1,0,1,True
2552,3,3,0,True
2553,1,1,0,True
2555,2,2,0,True
2557,1,1,0,True
2558,4,4,0,True
2559,1,0,1,True
2560,3,1,2,False
2561,1,0,1,True
2562,2,1,1,False
2564,1,1,0,True
2565,2,1,1,False
2571,1,1,0,True
2572,2,2,0,True
2573,1,1,0,True
2574,1,0,1,True
2578,1,0,1,True
2580,1,0,1,True
2581,2,0,2,True
2582,1,0,1,True
2584,1,0,1,True
2588,1,1,0,True
2589,5,3,2,False
2590,3,1,2,False
2591,2,0,2,True
2592,2,0,2,True
2593,1,0,1,True
2594,1,1,0,True
2595,4,3,1,False
2596,2,1,1,False
2597,2,1,1,False
2598,1,0,1,True
2599,1,0,1,True
2601,1,1,0,True
2602,3,1,2,False
2605,1,1,0,True
2606,2,0,2,True
2607,4,4,0,True
2609,1,1,0,True
2616,1,0,1,True
2617,1,0,1,True
2618,1,1,0,True
2619,1,0,1,True
2622,1,0,1,True
2624,1,0,1,True
2625,2,1,1,False
2626,1,0,1,True
2627,1,0,1,True
2628,2,1,1,False
2629,1,0,1,True
2631,1,1,0,True
2633,1,0,1,True
2634,1,1,0,True
2635,1,1,0,True
2636,1,0,1,True
2638,1,0,1,True
2640,1,0,1,True
2641,1,0,1,True
2642,1,0,1,True
2643,1,0,1,True
2645,5,4,1,False
2646,1,0,1,True
2647,1,0,1,True
2648,1,0,1,True
2649,1,0,1,True
2650,1,0,1,True
2651,1,1,0,True
2652,1,1,0,True
2655,1,0,1,True
2657,1,0,1,True
2658,1,0,1,True
2659,1,1,0,True
2660,1,0,1,True
2661,2,1,1,False
2662,1,0,1,True
2663,1,1,0,True
2664,1,1,0,True
2666,2,0,2,True
2668,2,0,2,True
2670,1,0,1,True
2671,1,0,1,True
2672,1,0,1,True
2675,1,1,0,True
2676,1,1,0,True
2677,1,0,1,True
2678,1,1,0,True
2679,1,0,1,True
2682,1,0,1,True
2683,1,1,0,True
2684,1,0,1,True
2685,1,0,1,True
2687,1,1,0,True
2688,1,0,1,True
2690,1,1,0,True
2691,1,0,1,True
2692,1,0,1,True
2693,4,0,4,True
2695,1,0,1,True
2697,1,0,1,True
2698,1,0,1,True
2700,1,0,1,True
2701,1,1,0,True
2702,1,1,0,True
2703,1,0,1,True
2704,1,0,1,True
2706,1,1,0,True
2707,2,2,0,True
2708,1,1,0,True
2709,4,3,1,False
2712,1,1,0,True
2713,1,1,0,True
2714,1,0,1,True
2717,1,0,1,True
2718,1,1,0,True
2720,3,1,2,False
2721,1,0,1,True
2722,1,1,0,True
2723,2,2,0,True
2724,2,1,1,False
2725,1,0,1,True
2726,1,0,1,True
2727,1,0,1,True
2729,1,1,0,True
2730,3,2,1,False
2732,2,1,1,False
2734,1,1,0,True
2736,1,0,1,True
2737,2,1,1,False
2738,1,0,1,True
2739,1,1,0,True
2740,1,1,0,True
2741,1,0,1,True
2743,1,0,1,True
2745,1,0,1,True
2746,1,0,1,True
2747,1,1,0,True
2748,1,1,0,True
2750,1,1,0,True
2751,1,1,0,True
2752,3,1,2,False
2753,1,0,1,True
2754,1,0,1,True
2755,1,1,0,True
2756,1,0,1,True
2758,1,1,0,True
2759,1,0,1,True
2760,3,1,2,False
2762,2,0,2,True
2763,1,1,0,True
2764,1,1,0,True
2765,1,0,1,True
2768,3,1,2,False
2769,1,0,1,True
2770,1,0,1,True
2772,1,0,1,True
2773,1,0,1,True
2774,3,0,3,True
2778,2,2,0,True
2780,1,0,1,True
2781,1,0,1,True
2783,2,1,1,False
2784,1,1,0,True
2785,1,1,0,True
2786,1,1,0,True
2787,1,0,1,True
2788,1,0,1,True
2789,1,0,1,True
2790,5,2,3,False
2792,1,1,0,True
2793,1,1,0,True
2795,2,1,1,False
2796,1,0,1,True
2797,1,0,1,True
2798,2,1,1,False
2799,2,1,1,False
2801,1,0,1,True
2802,1,1,0,True
2805,1,0,1,True
2806,1,0,1,True
2807,3,1,2,False
2809,1,1,0,True
2810,1,0,1,True
2811,1,0,1,True
2812,1,1,0,True
2813,1,1,0,True
2814,1,1,0,True
2817,1,0,1,True
2818,3,3,0,True
2819,1,0,1,True
2820,1,1,0,True
2821,1,1,0,True
2822,5,3,2,False
2823,1,1,0,True
2824,1,1,0,True
2825,1,1,0,True
2826,2,0,2,True
2831,2,1,1,False
2832,1,0,1,True
2834,1,1,0,True
2835,1,0,1,True
2837,1,0,1,True
2838,1,0,1,True
2839,1,1,0,True
2840,1,0,1,True
2843,1,0,1,True
2846,1,1,0,True
2847,1,1,0,True
2852,1,0,1,True
2853,1,1,0,True
2854,1,0,1,True
2856,1,0,1,True
2857,1,0,1,True
2858,3,3,0,True
2859,1,1,0,True
2860,1,1,0,True
2861,1,1,0,True
2862,1,1,0,True
2863,1,0,1,True
2865,2,1,1,False
2866,1,1,0,True
2867,2,0,2,True
2869,1,1,0,True
2870,1,1,0,True
2871,2,2,0,True
2872,1,1,0,True
2873,1,0,1,True
2875,1,1,0,True
2876,1,0,1,True
2877,1,0,1,True
2878,1,1,0,True
2880,1,0,1,True
2881,1,0,1,True
2882,1,0,1,True
2883,1,1,0,True
2884,1,0,1,True
2887,1,0,1,True
2888,1,0,1,True
2890,2,1,1,False
2891,1,0,1,True
2892,5,2,3,False
2893,1,0,1,True
2894,1,0,1,True
2897,1,1,0,True
2899,1,0,1,True
2900,1,1,0,True
2901,2,1,1,False
2902,1,0,1,True
2905,1,0,1,True
2906,1,0,1,True
2907,1,1,0,True
2908,2,0,2,True
2909,1,0,1,True
2910,1,0,1,True
2912,1,0,1,True
2913,1,0,1,True
2919,3,3,0,True
2920,1,1,0,True
2925,2,2,0,True
2926,1,0,1,True
2927,1,1,0,True
2928,3,2,1,False
2929,1,1,0,True
2930,1,0,1,True
2934,1,0,1,True
2935,1,0,1,True
2936,1,0,1,True
2938,1,1,0,True
2940,1,1,0,True
2941,1,0,1,True
2942,1,0,1,True
2943,1,0,1,True
2944,4,1,3,False
2945,1,1,0,True
2948,1,1,0,True
2949,1,0,1,True
2950,1,0,1,True
2953,1,1,0,True
2954,1,1,0,True
2956,1,0,1,True
2958,1,0,1,True
2959,1,0,1,True
2960,1,0,1,True
2961,1,0,1,True
2962,1,0,1,True
2964,1,0,1,True
2965,1,0,1,True
2966,1,1,0,True
2968,1,1,0,True
2969,1,0,1,True
2970,1,0,1,True
2971,1,1,0,True
2972,1,1,0,True
2975,1,0,1,True
2979,1,0,1,True
2982,1,1,0,True
2983,1,1,0,True
2984,1,0,1,True
2986,1,0,1,True
2988,1,0,1,True
2990,1,1,0,True
2992,1,0,1,True
2993,1,0,1,True
2994,1,0,1,True
2995,2,2,0,True
2996,1,0,1,True
2998,1,1,0,True
3000,1,0,1,True
3001,2,1,1,False
3003,1,1,0,True
3004,2,1,1,False
3005,1,1,0,True
3006,1,0,1,True
3009,1,1,0,True
3010,1,0,1,True
3012,1,0,1,True
3013,1,0,1,True
3014,1,0,1,True
3015,1,1,0,True
3018,1,0,1,True
3019,1,0,1,True
3020,1,0,1,True
3021,2,0,2,True
3022,2,0,2,True
3023,1,1,0,True
3024,1,1,0,True
3025,2,1,1,False
3026,1,0,1,True
3027,1,0,1,True
3029,2,1,1,False
3030,2,2,0,True
3032,4,0,4,True
3033,1,0,1,True
3034,1,0,1,True
3036,1,0,1,True
3038,1,0,1,True
3039,1,0,1,True
3040,1,0,1,True
3042,1,0,1,True
3044,1,0,1,True
3045,1,0,1,True
3047,2,1,1,False
3048,1,0,1,True
3050,1,1,0,True
3053,1,0,1,True
3054,1,0,1,True
3055,1,0,1,True
3060,3,0,3,True
3061,2,0,2,True
3062,1,0,1,True
3063,3,2,1,False
3064,1,1,0,True
3065,1,1,0,True
3066,1,0,1,True
3067,1,1,0,True
3068,1,0,1,True
3070,1,1,0,True
3071,2,1,1,False
3073,1,1,0,True
3076,1,1,0,True
3079,1,0,1,True
3080,1,0,1,True
3081,2,2,0,True
3082,1,1,0,True
3083,1,0,1,True
3084,1,1,0,True
3085,1,0,1,True
3087,1,1,0,True
3088,1,0,1,True
3090,1,1,0,True
3091,2,1,1,False
3092,1,0,1,True
3093,1,1,0,True
3095,1,0,1,True
3096,1,1,0,True
3099,1,1,0,True
3100,3,2,1,False
3102,1,1,0,True
3103,1,0,1,True
3104,2,2,0,True
3110,1,1,0,True
3111,1,0,1,True
3112,1,0,1,True
3113,2,2,0,True
3114,1,0,1,True
3116,1,0,1,True
3117,1,0,1,True
3118,1,0,1,True
3119,1,0,1,True
3120,2,1,1,False
3121,1,1,0,True
3123,1,1,0,True
3124,3,3,0,True
3126,2,2,0,True
3128,1,0,1,True
3130,1,0,1,True
3131,3,3,0,True
3132,1,1,0,True
3133,1,0,1,True
3134,1,1,0,True
3136,1,1,0,True
3138,1,0,1,True
3140,1,0,1,True
3142,2,0,2,True
3143,1,1,0,True
3145,1,1,0,True
3147,1,1,0,True
3149,2,2,0,True
3152,1,0,1,True
3158,1,0,1,True
3159,1,1,0,True
3161,1,0,1,True
3162,3,1,2,False
3163,2,0,2,True
3164,1,0,1,True
3166,1,1,0,True
3168,1,1,0,True
3169,1,1,0,True
3171,1,1,0,True
3172,1,0,1,True
3174,2,2,0,True
3175,1,1,0,True
3176,1,1,0,True
3179,1,0,1,True
3180,1,0,1,True
3181,1,0,1,True
3182,1,1,0,True
3184,2,2,0,True
3185,1,0,1,True
3188,1,0,1,True
3189,2,1,1,False
3191,1,1,0,True
3192,1,0,1,True
3193,1,1,0,True
3195,6,1,5,False
3196,1,0,1,True
3197,1,0,1,True
3200,1,0,1,True
3201,1,0,1,True
3203,1,0,1,True
3204,3,0,3,True
3205,1,1,0,True
3206,1,0,1,True
3209,1,1,0,True
3210,3,0,3,True
3211,3,0,3,True
3212,1,0,1,True
3213,1,0,1,True
3215,1,1,0,True
3216,3,3,0,True
3217,1,0,1,True
3218,3,1,2,False
3219,1,0,1,True
3220,1,0,1,True
3221,1,0,1,True
3223,1,0,1,True
3224,1,1,0,True
3225,2,2,0,True
3227,1,0,1,True
3229,1,1,0,True
3230,1,1,0,True
3232,1,1,0,True
3235,1,0,1,True
3236,3,1,2,False
3237,3,1,2,False
3238,1,0,1,True
3239,1,1,0,True
3240,1,0,1,True
3241,1,0,1,True
3243,1,0,1,True
3247,1,0,1,True
3248,1,0,1,True
3252,1,0,1,True
3253,1,0,1,True
3254,1,1,0,True
3255,1,1,0,True
3256,1,1,0,True
3258,1,0,1,True
3259,1,0,1,True
3260,1,0,1,True
3262,1,0,1,True
3268,1,0,1,True
3269,1,1,0,True
3270,1,1,0,True
3271,2,1,1,False
3272,2,2,0,True
3273,1,0,1,True
3274,3,1,2,False
3275,1,1,0,True
3276,1,0,1,True
3279,4,4,0,True
3280,2,1,1,False
3282,3,3,0,True
3283,4,0,4,True
3284,2,2,0,True
3287,3,2,1,False
3289,1,1,0,True
3292,5,4,1,False
3293,1,1,0,True
3294,2,1,1,False
3295,1,0,1,True
3296,1,1,0,True
3297,1,0,1,True
3298,1,1,0,True
3299,1,0,1,True
3300,2,1,1,False
3301,4,4,0,True
3304,1,1,0,True
3305,2,0,2,True
3308,1,0,1,True
3309,1,0,1,True
3310,1,1,0,True
3311,1,0,1,True
3312,1,0,1,True
3313,1,1,0,True
3314,1,0,1,True
3315,1,0,1,True
3317,1,0,1,True
3318,5,5,0,True
3319,1,0,1,True
3322,1,1,0,True
3323,2,2,0,True
3324,2,2,0,True
3325,1,1,0,True
3326,1,0,1,True
3327,1,0,1,True
3328,1,0,1,True
3329,1,1,0,True
3330,1,0,1,True
3331,1,1,0,True
3332,3,2,1,False
3336,1,1,0,True
3337,3,1,2,False
3338,1,1,0,True
3339,1,0,1,True
3342,1,1,0,True
3343,1,0,1,True
3348,1,0,1,True
3349,1,1,0,True
3350,1,1,0,True
3352,1,0,1,True
3353,6,4,2,False
3357,1,0,1,True
3359,1,0,1,True
3360,1,1,0,True
3361,4,3,1,False
3363,3,1,2,False
3364,1,0,1,True
3365,1,1,0,True
3370,1,0,1,True
3371,1,0,1,True
3372,1,1,0,True
3377,1,1,0,True
3380,1,0,1,True
3381,1,0,1,True
3382,2,1,1,False
3383,1,0,1,True
3384,3,1,2,False
3386,1,1,0,True
3387,1,0,1,True
3389,1,1,0,True
3390,1,1,0,True
3391,2,1,1,False
3392,4,4,0,True
3394,1,1,0,True
3395,1,0,1,True
3396,1,1,0,True
3397,1,0,1,True
3401,1,1,0,True
3402,1,0,1,True
3403,1,1,0,True
3404,1,1,0,True
3405,3,1,2,False
3406,2,0,2,True
3408,1,1,0,True
3409,1,0,1,True
3410,1,1,0,True
3412,3,2,1,False
3413,1,0,1,True
3415,1,0,1,True
3417,1,1,0,True
3418,1,1,0,True
3419,1,0,1,True
3420,1,0,1,True
3421,1,0,1,True
3422,2,2,0,True
3423,1,1,0,True
3424,1,0,1,True
3425,1,0,1,True
3426,1,0,1,True
3428,2,2,0,True
3430,1,1,0,True
3431,1,1,0,True
3432,1,0,1,True
3433,1,0,1,True
3434,1,1,0,True
3437,2,1,1,False
3438,2,1,1,False
3439,4,3,1,False
3440,1,0,1,True
3441,1,0,1,True
3442,1,0,1,True
3443,1,1,0,True
3444,4,4,0,True
3445,1,0,1,True
3446,1,1,0,True
3447,1,0,1,True
3449,1,0,1,True
3450,2,2,0,True
3453,1,0,1,True
3454,1,0,1,True
3455,1,1,0,True
3456,1,1,0,True
3458,1,1,0,True
3459,1,1,0,True
3461,1,0,1,True
3462,1,1,0,True
3464,2,0,2,True
3465,1,0,1,True
3467,1,0,1,True
3468,1,1,0,True
3469,1,1,0,True
3470,2,1,1,False
3473,1,0,1,True
3474,4,3,1,False
3475,3,2,1,False
3476,4,3,1,False
3478,1,0,1,True
3480,1,0,1,True
3483,1,0,1,True
3484,2,1,1,False
3485,3,2,1,False
3486,1,1,0,True
3487,1,0,1,True
3488,2,0,2,True
3489,2,1,1,False
3490,2,2,0,True
3491,1,0,1,True
3492,1,0,1,True
3495,4,4,0,True
3496,2,1,1,False
3497,1,0,1,True
3499,4,2,2,False
3501,1,0,1,True
3504,1,1,0,True
3506,1,1,0,True
3511,1,0,1,True
3512,1,0,1,True
3514,1,0,1,True
3515,2,1,1,False
3518,1,1,0,True
3519,3,3,0,True
3520,2,1,1,False
3521,2,2,0,True
3523,1,1,0,True
3525,1,1,0,True
3527,1,0,1,True
3528,1,1,0,True
3530,1,1,0,True
3531,2,1,1,False
3533,1,0,1,True
3534,1,0,1,True
3535,2,1,1,False
3536,1,1,0,True
3537,1,0,1,True
3539,1,0,1,True
3540,1,1,0,True
3542,1,1,0,True
3543,3,3,0,True
3546,1,0,1,True
3547,1,0,1,True
3548,1,1,0,True
3550,3,0,3,True
3552,2,1,1,False
3553,1,0,1,True
3555,1,1,0,True
3556,1,1,0,True
3558,2,1,1,False
3559,1,0,1,True
3560,1,1,0,True
3561,2,2,0,True
3562,2,0,2,True
3563,1,1,0,True
3564,1,0,1,True
3565,1,1,0,True
3566,1,1,0,True
3567,1,0,1,True
3568,1,0,1,True
3569,1,1,0,True
3570,1,1,0,True
3572,1,0,1,True
3573,1,0,1,True
3576,1,1,0,True
3577,1,0,1,True
3578,1,1,0,True
3579,1,0,1,True
3582,1,1,0,True
3584,1,1,0,True
3586,1,0,1,True
3588,2,0,2,True
3591,1,0,1,True
3592,2,1,1,False
3594,1,1,0,True
3595,1,1,0,True
3596,1,1,0,True
3597,1,0,1,True
3598,1,0,1,True
3600,1,1,0,True
3602,1,1,0,True
3605,1,1,0,True
3606,1,0,1,True
3607,1,1,0,True
3608,3,3,0,True
3609,4,2,2,False
3610,2,2,0,True
3612,1,1,0,True
3613,1,1,0,True
3614,1,0,1,True
3615,2,1,1,False
3616,1,1,0,True
3619,1,0,1,True
3620,1,1,0,True
3622,2,1,1,False
3624,1,0,1,True
3625,1,1,0,True
3626,1,1,0,True
3628,1,0,1,True
3629,1,1,0,True
3630,1,0,1,True
3631,1,0,1,True
3634,1,1,0,True
3636,1,0,1,True
3639,1,1,0,True
3640,2,0,2,True
3641,3,2,1,False
3642,1,0,1,True
3644,1,1,0,True
3645,5,5,0,True
3647,1,1,0,True
3648,1,0,1,True
3650,1,1,0,True
3652,1,0,1,True
3653,1,0,1,True
3654,2,0,2,True
3655,1,0,1,True
3658,2,2,0,True
3660,1,0,1,True
3662,2,2,0,True
3664,1,1,0,True
3665,1,1,0,True
3667,1,1,0,True
3668,1,1,0,True
3671,1,0,1,True
3674,1,1,0,True
3677,1,0,1,True
3678,1,1,0,True
3679,1,0,1,True
3680,2,1,1,False
3681,2,1,1,False
3682,1,1,0,True
3686,1,0,1,True
3688,3,3,0,True
3690,1,1,0,True
3691,1,0,1,True
3692,1,0,1,True
3693,1,1,0,True
3699,4,3,1,False
3700,1,0,1,True
3702,1,0,1,True
3703,2,1,1,False
3704,1,0,1,True
3705,1,0,1,True
3706,2,1,1,False
3707,2,1,1,False
3708,1,1,0,True
3710,3,0,3,True
3711,3,2,1,False
3713,3,3,0,True
3714,2,0,2,True
3715,4,1,3,False
3716,1,1,0,True
3719,2,1,1,False
3724,1,1,0,True
3726,1,1,0,True
3728,1,1,0,True
3729,1,1,0,True
3732,4,2,2,False
3733,1,0,1,True
3734,1,1,0,True
3735,2,1,1,False
3736,1,1,0,True
3737,2,1,1,False
3739,1,0,1,True
3741,1,1,0,True
3742,2,1,1,False
3743,1,0,1,True
3744,1,1,0,True
3745,1,0,1,True
3747,4,2,2,False
3748,1,1,0,True
3749,2,2,0,True
3750,2,0,2,True
3751,1,1,0,True
3752,1,0,1,True
3753,1,0,1,True
3754,1,1,0,True
3755,2,0,2,True
3756,1,1,0,True
3757,1,1,0,True
3758,2,1,1,False
3759,1,1,0,True
3760,1,1,0,True
3761,1,1,0,True
3765,1,1,0,True
3767,1,0,1,True
3768,1,1,0,True
3769,1,0,1,True
3770,1,1,0,True
3771,1,0,1,True
3772,2,2,0,True
3773,3,3,0,True
3774,3,0,3,True
3775,2,2,0,True
3776,1,1,0,True
3777,1,1,0,True
3778,1,1,0,True
3779,1,1,0,True
3781,1,0,1,True
3783,1,0,1,True
3784,1,0,1,True
3785,1,0,1,True
3786,2,0,2,True
3787,3,3,0,True
3788,1,0,1,True
3789,1,1,0,True
3790,1,1,0,True
3793,1,1,0,True
3795,1,1,0,True
3796,1,1,0,True
3797,1,0,1,True
3798,1,1,0,True
3801,1,0,1,True
3803,1,0,1,True
3804,1,0,1,True
3805,1,0,1,True
3807,1,1,0,True
3810,1,0,1,True
3811,2,1,1,False
3812,1,0,1,True
3814,1,1,0,True
3815,1,0,1,True
3816,1,0,1,True
3817,1,0,1,True
3818,1,0,1,True
3820,1,1,0,True
3821,1,0,1,True
3822,1,0,1,True
3823,1,1,0,True
3824,1,1,0,True
3826,1,0,1,True
3830,1,0,1,True
3831,1,0,1,True
3832,1,0,1,True
3835,1,0,1,True
3836,1,1,0,True
3838,1,1,0,True
3839,1,0,1,True
3841,1,0,1,True
3842,1,0,1,True
3846,1,1,0,True
3847,1,0,1,True
3848,1,0,1,True
3849,1,0,1,True
3850,7,6,1,False
3851,1,0,1,True
3852,1,1,0,True
3853,1,1,0,True
3854,1,1,0,True
3856,1,1,0,True
3857,1,1,0,True
3862,7,3,4,False
3864,1,1,0,True
3866,1,0,1,True
3867,1,1,0,True
3868,7,4,3,False
3870,1,1,0,True
3871,1,1,0,True
3872,1,1,0,True
3873,1,0,1,True
3874,2,1,1,False
3875,1,0,1,True
3879,1,0,1,True
3883,3,2,1,False
3886,1,1,0,True
3888,1,1,0,True
3890,1,1,0,True
3894,1,1,0,True
3895,3,1,2,False
3896,1,1,0,True
3897,1,0,1,True
3898,1,1,0,True
3899,1,1,0,True
3903,6,2,4,False
3904,1,0,1,True
3907,1,1,0,True
3909,1,1,0,True
3911,3,2,1,False
3912,1,1,0,True
3913,2,0,2,True
3915,1,1,0,True
3916,2,1,1,False
3917,1,0,1,True
3919,1,0,1,True
3921,1,1,0,True
3922,1,1,0,True
3923,3,2,1,False
3924,1,1,0,True
3926,1,0,1,True
3927,2,1,1,False
3928,2,1,1,False
3930,1,0,1,True
3931,1,0,1,True
3932,2,2,0,True
3933,1,1,0,True
3935,1,0,1,True
3936,1,0,1,True
3937,1,1,0,True
3938,3,3,0,True
3939,1,0,1,True
3940,1,0,1,True
3941,1,0,1,True
3942,1,0,1,True
3944,1,0,1,True
3945,1,0,1,True
3946,1,0,1,True
3948,1,0,1,True
3949,1,0,1,True
3950,1,1,0,True
3952,1,0,1,True
3954,1,0,1,True
3955,1,1,0,True
3958,1,0,1,True
3959,3,1,2,False
3960,1,0,1,True
3961,1,1,0,True
3962,2,1,1,False
3963,1,1,0,True
3964,1,1,0,True
3966,3,2,1,False
3967,1,0,1,True
3968,1,0,1,True
3970,1,1,0,True
3971,1,0,1,True
3973,1,1,0,True
3974,2,2,0,True
3976,1,1,0,True
3977,1,1,0,True
3980,1,1,0,True
3981,1,0,1,True
3984,1,1,0,True
3985,1,0,1,True
3986,2,0,2,True
3987,1,1,0,True
3988,1,0,1,True
3991,1,0,1,True
3992,1,0,1,True
3994,1,1,0,True
3995,6,1,5,False
3996,1,1,0,True
3997,1,0,1,True
3998,1,1,0,True
3999,1,0,1,True
4000,3,2,1,False
4001,7,5,2,False
4002,1,0,1,True
4003,1,1,0,True
4005,8,5,3,False
4006,5,4,1,False
4008,1,1,0,True
4009,1,1,0,True
4010,1,0,1,True
4013,1,0,1,True
4014,2,0,2,True
4016,1,0,1,True
4017,5,2,3,False
4018,1,0,1,True
4019,1,1,0,True
4020,1,0,1,True
4021,1,0,1,True
4022,1,0,1,True
4023,1,0,1,True
4026,1,1,0,True
4027,1,1,0,True
4030,5,1,4,False
4031,2,2,0,True
4032,1,1,0,True
4033,1,1,0,True
4034,1,0,1,True
4035,1,1,0,True
4036,1,0,1,True
4037,1,1,0,True
4038,1,0,1,True
4039,1,0,1,True
4040,1,0,1,True
4042,3,3,0,True
4043,1,0,1,True
4044,3,2,1,False
4045,1,0,1,True
4046,1,1,0,True
4047,1,1,0,True
4049,1,0,1,True
4050,1,0,1,True
4053,1,1,0,True
4055,1,0,1,True
4058,1,0,1,True
4060,1,0,1,True
4061,3,2,1,False
4063,1,1,0,True
4064,1,1,0,True
4065,1,0,1,True
4066,2,1,1,False
4068,1,0,1,True
4069,1,1,0,True
4071,2,2,0,True
4072,1,1,0,True
4075,1,0,1,True
4076,1,0,1,True
4078,1,0,1,True
4079,1,0,1,True
4080,1,0,1,True
4081,1,0,1,True
4082,1,0,1,True
4083,1,1,0,True
4084,1,1,0,True
4089,1,1,0,True
4090,1,1,0,True
4091,1,1,0,True
4093,1,0,1,True
4095,1,0,1,True
4096,1,1,0,True
4097,1,0,1,True
4098,1,0,1,True
4099,1,1,0,True
4101,1,0,1,True
4102,1,1,0,True
4103,1,0,1,True
4104,1,0,1,True
4106,1,1,0,True
4107,1,0,1,True
4108,2,2,0,True
4109,1,1,0,True
4110,1,0,1,True
4112,1,1,0,True
4113,2,2,0,True
4114,1,1,0,True
4115,1,0,1,True
4116,1,1,0,True
4120,1,0,1,True
4125,1,1,0,True
4127,1,1,0,True
4128,3,2,1,False
4129,1,0,1,True
4130,1,1,0,True
4131,1,1,0,True
4132,1,0,1,True
4134,1,1,0,True
4135,1,0,1,True
4137,1,0,1,True
4140,1,0,1,True
4141,1,0,1,True
4142,1,1,0,True
4143,1,0,1,True
4144,1,0,1,True
4145,1,0,1,True
4147,2,2,0,True
4149,1,1,0,True
4150,1,1,0,True
4151,1,1,0,True
4152,1,0,1,True
4154,1,1,0,True
4156,1,0,1,True
4158,1,0,1,True
4159,1,0,1,True
4160,1,1,0,True
4163,1,1,0,True
4165,1,1,0,True
4166,2,2,0,True
4167,1,0,1,True
4168,2,0,2,True
4169,2,2,0,True
4170,1,1,0,True
4171,1,0,1,True
4172,7,4,3,False
4173,1,0,1,True
4174,1,0,1,True
4175,1,0,1,True
4176,7,5,2,False
4177,3,2,1,False
4178,1,0,1,True
4179,2,2,0,True
4181,6,5,1,False
4182,3,0,3,True
4183,1,0,1,True
4184,1,0,1,True
4185,1,1,0,True
4186,1,1,0,True
4188,1,1,0,True
4189,1,0,1,True
4191,1,0,1,True
4194,1,1,0,True
4196,1,1,0,True
4197,3,2,1,False
4199,1,1,0,True
4203,1,0,1,True
4204,3,2,1,False
4205,1,0,1,True
4206,1,0,1,True
4207,2,2,0,True
4208,1,0,1,True
4210,2,2,0,True
4211,1,1,0,True
4212,1,1,0,True
4213,1,0,1,True
4214,1,0,1,True
4215,1,0,1,True
4216,2,2,0,True
4218,2,2,0,True
4219,3,1,2,False
4220,1,0,1,True
4221,1,1,0,True
4222,2,0,2,True
4223,2,2,0,True
4225,1,0,1,True
4229,1,0,1,True
4230,1,0,1,True
4231,1,1,0,True
4232,1,1,0,True
4233,1,0,1,True
4237,1,1,0,True
4238,1,1,0,True
4239,1,0,1,True
4240,1,1,0,True
4242,1,1,0,True
4243,1,0,1,True
4244,1,1,0,True
4245,1,1,0,True
4246,1,0,1,True
4249,3,3,0,True
4251,1,0,1,True
4252,1,1,0,True
4253,1,0,1,True
4254,3,1,2,False
4255,1,1,0,True
4256,8,2,6,False
4257,1,0,1,True
4258,3,0,3,True
4259,1,1,0,True
4260,1,1,0,True
4261,1,1,0,True
4262,2,1,1,False
4264,1,0,1,True
4266,1,1,0,True
4267,2,2,0,True
4270,1,0,1,True
4271,1,1,0,True
4272,1,1,0,True
4273,1,0,1,True
4274,1,1,0,True
4278,1,1,0,True
4280,1,0,1,True
4289,1,1,0,True
4291,1,0,1,True
4292,1,1,0,True
4293,1,1,0,True
4294,1,1,0,True
4295,2,2,0,True
4296,1,0,1,True
4297,1,0,1,True
4300,1,1,0,True
4301,1,1,0,True
4302,1,1,0,True
4303,2,1,1,False
4305,3,2,1,False
4306,1,1,0,True
4309,2,1,1,False
4311,1,0,1,True
4312,1,0,1,True
4315,2,2,0,True
4316,1,0,1,True
4317,1,1,0,True
4318,1,1,0,True
4319,1,0,1,True
4320,1,0,1,True
4324,4,3,1,False
4327,1,1,0,True
4329,1,0,1,True
4330,1,1,0,True
4332,1,1,0,True
4333,1,0,1,True
4334,1,1,0,True
4335,1,0,1,True
4336,4,4,0,True
4337,1,1,0,True
4338,3,3,0,True
4339,1,0,1,True
4340,1,1,0,True
4343,1,1,0,True
4344,1,1,0,True
4345,1,0,1,True
4346,1,1,0,True
4347,1,0,1,True
4348,1,1,0,True
4349,1,0,1,True
4350,2,1,1,False
4351,1,0,1,True
4352,2,2,0,True
4354,1,0,1,True
4356,1,1,0,True
4357,1,0,1,True
4358,1,1,0,True
4359,3,1,2,False
4360,1,1,0,True
4361,1,1,0,True
4362,1,1,0,True
4364,1,1,0,True
4365,1,0,1,True
4366,1,1,0,True
4367,1,1,0,True
4368,1,1,0,True
4369,1,0,1,True
4370,1,0,1,True
4371,5,4,1,False
4372,2,1,1,False
4373,1,0,1,True
4376,1,1,0,True
4382,1,1,0,True
4383,1,1,0,True
4386,2,2,0,True
4387,1,0,1,True
4388,1,1,0,True
4390,3,2,1,False
4391,1,1,0,True
4392,1,0,1,True
4393,2,0,2,True
4395,1,0,1,True
4396,1,0,1,True
4397,1,1,0,True
4399,1,0,1,True
4400,3,2,1,False
4401,2,2,0,True
4402,1,0,1,True
4403,2,0,2,True
4404,1,0,1,True
4405,1,1,0,True
4407,1,1,0,True
4408,1,1,0,True
4409,1,1,0,True
4410,1,0,1,True
4411,1,1,0,True
4413,1,0,1,True
4415,1,0,1,True
4416,1,1,0,True
4422,2,2,0,True
4424,1,0,1,True
4426,1,1,0,True
4427,2,0,2,True
4428,1,1,0,True
4429,1,0,1,True
4430,1,1,0,True
4431,1,0,1,True
4432,1,0,1,True
4433,1,0,1,True
4436,1,1,0,True
4437,1,1,0,True
4438,1,0,1,True
4440,1,1,0,True
4441,3,3,0,True
4444,1,0,1,True
4445,1,0,1,True
4446,5,3,2,False
4447,1,1,0,True
4448,1,1,0,True
4449,1,1,0,True
4450,4,3,1,False
4451,1,1,0,True
4452,1,1,0,True
4453,1,0,1,True
4456,1,1,0,True
4457,1,1,0,True
4459,1,1,0,True
4461,1,1,0,True
4462,1,0,1,True
4463,2,2,0,True
4464,1,0,1,True
4465,3,0,3,True
4466,1,0,1,True
4467,1,1,0,True
4469,2,1,1,False
4470,1,0,1,True
4472,2,0,2,True
4473,2,0,2,True
4474,3,3,0,True
4475,2,1,1,False
4476,1,0,1,True
4477,1,0,1,True
4479,1,0,1,True
4482,5,3,2,False
4483,2,0,2,True
4485,2,1,1,False
4486,1,1,0,True
4487,1,0,1,True
4490,1,0,1,True
4491,1,0,1,True
4492,1,1,0,True
4493,1,1,0,True
4494,1,1,0,True
4496,1,1,0,True
4497,1,0,1,True
4498,8,3,5,False
4500,1,0,1,True
4501,1,1,0,True
4502,1,0,1,True
4505,2,1,1,False
4506,1,0,1,True
4508,3,0,3,True
4509,3,3,0,True
4510,1,1,0,True
4511,2,2,0,True
4512,1,0,1,True
4514,1,1,0,True
4515,2,1,1,False
4516,1,0,1,True
4517,1,0,1,True
4518,1,0,1,True
4521,1,0,1,True
4522,1,1,0,True
4524,1,1,0,True
4529,1,0,1,True
4530,1,0,1,True
4531,1,1,0,True
4532,1,1,0,True
4533,1,1,0,True
4534,1,1,0,True
4535,2,0,2,True
4537,1,0,1,True
4538,1,0,1,True
4539,2,2,0,True
4542,2,2,0,True
4543,1,0,1,True
4544,1,1,0,True
4546,1,1,0,True
4547,1,1,0,True
4549,1,0,1,True
4550,1,1,0,True
4552,1,1,0,True
4553,1,0,1,True
4555,1,0,1,True
4557,1,0,1,True
4558,1,0,1,True
4559,1,1,0,True
4560,1,1,0,True
4561,1,0,1,True
4562,1,1,0,True
4563,1,1,0,True
4564,1,0,1,True
4565,1,0,1,True
4567,1,0,1,True
4568,1,0,1,True
4569,2,1,1,False
4570,1,1,0,True
4571,1,1,0,True
4572,1,0,1,True
4573,1,1,0,True
4574,1,0,1,True
4575,1,0,1,True
4576,1,0,1,True
4577,1,1,0,True
4580,1,1,0,True
4581,2,2,0,True
4585,1,0,1,True
4586,1,0,1,True
4587,1,0,1,True
4591,1,1,0,True
4592,4,4,0,True
4593,1,1,0,True
4594,4,1,3,False
4595,1,1,0,True
4596,1,1,0,True
4597,1,1,0,True
4602,1,0,1,True
4603,2,1,1,False
4604,1,0,1,True
4605,1,0,1,True
4606,2,0,2,True
4607,1,0,1,True
4608,1,1,0,True
4609,1,0,1,True
4610,1,0,1,True
4611,1,1,0,True
4612,1,1,0,True
4613,1,1,0,True
4615,1,1,0,True
4617,1,0,1,True
4620,1,0,1,True
4621,1,1,0,True
4622,1,1,0,True
4623,1,1,0,True
4624,1,0,1,True
4625,7,6,1,False
4628,1,1,0,True
4630,1,1,0,True
4631,1,1,0,True
4632,5,2,3,False
4633,1,0,1,True
4634,1,0,1,True
4635,1,1,0,True
4637,1,0,1,True
4638,1,1,0,True
4640,1,1,0,True
4641,1,0,1,True
4642,1,0,1,True
4643,1,1,0,True
4644,1,1,0,True
4645,2,2,0,True
4646,1,1,0,True
4648,1,1,0,True
4649,1,0,1,True
4650,1,0,1,True
4651,1,1,0,True
4652,1,1,0,True
4653,1,0,1,True
4654,1,1,0,True
4655,2,2,0,True
4656,2,0,2,True
4657,1,0,1,True
4658,2,0,2,True
4659,1,0,1,True
4661,7,2,5,False
4662,3,2,1,False
4663,6,6,0,True
4664,1,0,1,True
4665,1,0,1,True
4667,1,1,0,True
4668,2,2,0,True
4672,1,0,1,True
4673,1,0,1,True
4676,1,1,0,True
4677,1,0,1,True
4678,1,0,1,True
4679,1,1,0,True
4680,4,2,2,False
4684,1,1,0,True
4686,1,1,0,True
4689,1,1,0,True
4690,2,1,1,False
4691,1,0,1,True
4693,2,1,1,False
4694,1,1,0,True
4695,3,2,1,False
4696,1,1,0,True
4699,1,0,1,True
4704,1,0,1,True
4706,2,1,1,False
4708,1,0,1,True
4709,1,0,1,True
4710,2,1,1,False
4711,1,0,1,True
4712,1,1,0,True
4713,1,0,1,True
4714,1,0,1,True
4717,1,0,1,True
4719,1,1,0,True
4720,1,1,0,True
4721,1,1,0,True
4723,2,1,1,False
4725,1,0,1,True
4726,5,5,0,True
4728,2,1,1,False
4730,1,0,1,True
4732,3,3,0,True
4733,1,1,0,True
4738,2,0,2,True
4739,1,1,0,True
4741,3,3,0,True
4743,1,1,0,True
4744,2,2,0,True
4746,1,0,1,True
4748,1,0,1,True
4750,2,0,2,True
4752,1,0,1,True
4753,1,0,1,True
4754,1,0,1,True
4755,1,1,0,True
4756,2,2,0,True
4757,1,0,1,True
4758,1,0,1,True
4759,1,0,1,True
4762,1,1,0,True
4763,1,1,0,True
4764,1,1,0,True
4769,1,1,0,True
4770,2,2,0,True
4772,1,0,1,True
4773,1,1,0,True
4774,4,3,1,False
4775,1,1,0,True
4777,1,1,0,True
4778,1,0,1,True
4780,2,1,1,False
4782,5,2,3,False
4783,1,1,0,True
4784,1,1,0,True
4785,1,1,0,True
4786,1,1,0,True
4787,1,0,1,True
4788,1,0,1,True
4790,1,0,1,True
4791,1,1,0,True
4792,1,1,0,True
4793,2,1,1,False
4794,1,0,1,True
4795,1,1,0,True
4796,2,2,0,True
4797,1,1,0,True
4798,3,3,0,True
4801,1,0,1,True
4803,1,0,1,True
4804,3,3,0,True
4807,1,0,1,True
4808,1,0,1,True
4810,1,0,1,True
4813,1,1,0,True
4814,1,1,0,True
4815,1,1,0,True
4817,1,0,1,True
4818,1,1,0,True
4819,1,1,0,True
4822,4,4,0,True
4823,1,0,1,True
4827,1,1,0,True
4828,1,1,0,True
4829,1,0,1,True
4830,1,0,1,True
4831,1,1,0,True
4832,1,0,1,True
4836,2,2,0,True
4837,1,1,0,True
4838,1,0,1,True
4840,1,1,0,True
4841,3,1,2,False
4842,1,0,1,True
4845,1,1,0,True
4846,2,1,1,False
4847,1,1,0,True
4848,1,1,0,True
4850,2,2,0,True
4851,1,1,0,True
4853,1,0,1,True
4856,1,1,0,True
4857,1,0,1,True
4862,1,0,1,True
4863,1,0,1,True
4864,1,0,1,True
4866,1,1,0,True
4868,1,1,0,True
4870,1,0,1,True
4871,1,0,1,True
4873,1,1,0,True
4874,2,2,0,True
4875,1,1,0,True
4876,1,0,1,True
4878,1,0,1,True
4879,1,0,1,True
4880,1,0,1,True
4881,1,1,0,True
4882,1,0,1,True
4883,1,1,0,True
4884,1,0,1,True
4885,1,1,0,True
4886,1,0,1,True
4887,1,1,0,True
4888,1,1,0,True
4889,1,0,1,True
4890,2,2,0,True
4891,2,2,0,True
4892,1,0,1,True
4893,1,1,0,True
4895,1,1,0,True
4896,1,0,1,True
4897,1,0,1,True
4898,1,1,0,True
4899,2,2,0,True
4900,1,0,1,True
4901,2,0,2,True
4902,1,0,1,True
4903,1,0,1,True
4904,1,0,1,True
4909,1,0,1,True
4910,1,0,1,True
4911,1,0,1,True
4912,2,1,1,False
4913,1,1,0,True
4915,1,0,1,True
4916,1,1,0,True
4917,1,1,0,True
4918,1,1,0,True
4920,1,1,0,True
4923,3,3,0,True
4924,1,0,1,True
4925,1,1,0,True
4927,4,4,0,True
4929,1,1,0,True
4930,2,2,0,True
4932,2,2,0,True
4933,4,2,2,False
4934,1,0,1,True
4937,1,0,1,True
4938,1,1,0,True
4939,1,1,0,True
4940,1,1,0,True
4941,1,0,1,True
4942,2,2,0,True
4943,1,1,0,True
4944,3,1,2,False
4945,1,1,0,True
4946,1,0,1,True
4950,1,0,1,True
4951,1,1,0,True
4952,1,1,0,True
4954,1,1,0,True
4956,1,1,0,True
4958,1,0,1,True
4961,1,1,0,True
4963,1,1,0,True
4964,1,0,1,True
4965,1,0,1,True
4970,1,0,1,True
4972,1,1,0,True
4973,2,1,1,False
4974,2,1,1,False
4975,3,3,0,True
4977,2,1,1,False
4978,1,0,1,True
4979,1,0,1,True
4980,3,0,3,True
4981,3,2,1,False
4983,1,1,0,True
4987,1,1,0,True
4989,1,0,1,True
4990,1,0,1,True
4991,1,0,1,True
4992,1,0,1,True
4995,1,1,0,True
4996,1,1,0,True
4997,1,1,0,True
4998,1,1,0,True
4999,1,0,1,True
5000,1,1,0,True
5003,1,0,1,True
5004,1,1,0,True
5005,1,0,1,True
5006,3,2,1,False
5007,1,0,1,True
5008,1,1,0,True
5009,1,1,0,True
5010,1,0,1,True
5012,1,1,0,True
5013,1,1,0,True
5014,2,1,1,False
5015,1,0,1,True
5016,1,0,1,True
5017,1,1,0,True
5018,1,1,0,True
5019,1,0,1,True
5020,1,1,0,True
5021,1,1,0,True
5023,1,0,1,True
5025,1,0,1,True
5027,1,0,1,True
5028,1,0,1,True
5032,1,1,0,True
5034,1,0,1,True
5035,1,1,0,True
5036,2,0,2,True
5039,4,2,2,False
5040,2,0,2,True
5042,1,1,0,True
5044,2,1,1,False
5048,1,1,0,True
5050,1,0,1,True
5051,1,0,1,True
5052,2,2,0,True
5057,1,1,0,True
5058,3,2,1,False
5059,1,0,1,True
5060,4,2,2,False
5061,2,2,0,True
5062,1,0,1,True
5063,1,1,0,True
5064,1,0,1,True
5065,2,1,1,False
5067,1,1,0,True
5068,1,1,0,True
5069,1,0,1,True
5070,1,1,0,True
5072,2,0,2,True
5073,1,1,0,True
5074,1,0,1,True
5076,1,0,1,True
5080,1,0,1,True
5083,1,0,1,True
5084,2,0,2,True
5085,1,1,0,True
5087,1,0,1,True
5088,1,1,0,True
5089,2,1,1,False
5090,6,2,4,False
5091,1,0,1,True
5093,1,0,1,True
5095,1,1,0,True
5097,3,3,0,True
5103,1,1,0,True
5104,1,1,0,True
5105,1,1,0,True
5106,1,1,0,True
5108,1,1,0,True
5109,1,1,0,True
5111,3,0,3,True
5112,3,3,0,True
5115,2,2,0,True
5116,2,2,0,True
5120,1,0,1,True
5122,1,1,0,True
5124,1,0,1,True
5125,1,0,1,True
5126,1,1,0,True
5127,2,1,1,False
5128,2,1,1,False
5129,1,1,0,True
5130,1,1,0,True
5132,1,0,1,True
5133,8,3,5,False
5136,1,0,1,True
5137,1,1,0,True
5138,1,1,0,True
5140,1,1,0,True
5142,4,3,1,False
5144,1,1,0,True
5145,1,1,0,True
5146,1,1,0,True
5148,2,1,1,False
5151,1,1,0,True
5152,1,0,1,True
5154,1,0,1,True
5156,2,2,0,True
5157,1,1,0,True
5158,1,0,1,True
5160,1,0,1,True
5161,1,1,0,True
5162,2,1,1,False
5163,2,2,0,True
5165,1,1,0,True
5166,1,1,0,True
5167,1,0,1,True
5170,1,0,1,True
5171,1,0,1,True
5173,1,1,0,True
5174,2,1,1,False
5175,1,0,1,True
5176,1,0,1,True
5177,1,1,0,True
5179,1,1,0,True
5180,1,1,0,True
5181,1,1,0,True
5182,2,2,0,True
5184,1,1,0,True
5185,1,0,1,True
5186,1,0,1,True
5187,1,0,1,True
5188,3,1,2,False
5190,1,0,1,True
5192,1,1,0,True
5193,1,1,0,True
5194,2,2,0,True
5196,2,1,1,False
5197,1,1,0,True
5198,1,0,1,True
5199,1,0,1,True
5201,1,0,1,True
5202,1,1,0,True
5204,1,0,1,True
5205,3,2,1,False
5206,3,1,2,False
5207,2,1,1,False
5208,2,1,1,False
5209,1,1,0,True
5210,1,1,0,True
5211,1,0,1,True
5213,1,1,0,True
5214,1,0,1,True
5216,1,0,1,True
5217,2,2,0,True
5218,1,0,1,True
5220,1,0,1,True
5221,1,0,1,True
5223,3,3,0,True
5224,1,0,1,True
5225,1,1,0,True
5226,1,1,0,True
5227,1,1,0,True
5229,1,0,1,True
5230,1,1,0,True
5234,1,1,0,True
5235,1,0,1,True
5236,1,1,0,True
5238,1,0,1,True
5239,1,1,0,True
5240,1,1,0,True
5242,1,1,0,True
5243,2,2,0,True
5244,1,0,1,True
5246,2,2,0,True
5247,1,1,0,True
5248,1,1,0,True
5249,1,0,1,True
5250,1,1,0,True
5251,1,1,0,True
5252,1,1,0,True
5253,1,1,0,True
5254,4,4,0,True
5255,1,1,0,True
5256,1,0,1,True
5257,1,0,1,True
5258,1,1,0,True
5260,1,1,0,True
5262,1,1,0,True
5264,2,2,0,True
5265,1,0,1,True
5266,2,0,2,True
5268,1,1,0,True
5269,1,1,0,True
5271,1,0,1,True
5272,1,1,0,True
5273,1,0,1,True
5274,1,0,1,True
5275,1,0,1,True
5276,1,1,0,True
5277,1,1,0,True
5278,1,1,0,True
5279,1,0,1,True
5280,1,1,0,True
5281,1,0,1,True
5282,3,3,0,True
5287,1,1,0,True
5288,1,1,0,True
5290,1,0,1,True
5291,1,0,1,True
5292,1,1,0,True
5297,1,1,0,True
5298,1,1,0,True
5299,1,1,0,True
5300,1,1,0,True
5301,2,2,0,True
5303,5,3,2,False
5304,2,1,1,False
5305,1,1,0,True
5307,1,1,0,True
5310,1,0,1,True
5312,1,1,0,True
5313,1,1,0,True
5314,1,1,0,True
5315,1,0,1,True
5316,1,1,0,True
5320,2,1,1,False
5322,1,1,0,True
5323,1,1,0,True
5325,1,1,0,True
5326,1,1,0,True
5327,1,0,1,True
5330,1,1,0,True
5331,1,0,1,True
5333,1,1,0,True
5334,2,2,0,True
5337,1,1,0,True
5340,1,0,1,True
5341,1,1,0,True
5343,1,0,1,True
5344,2,1,1,False
5345,2,0,2,True
5346,1,1,0,True
5347,1,0,1,True
5348,1,1,0,True
5350,1,0,1,True
5351,1,0,1,True
5353,2,2,0,True
5354,2,0,2,True
5355,2,2,0,True
5356,1,0,1,True
5359,1,0,1,True
5360,1,1,0,True
5361,1,1,0,True
5362,1,1,0,True
5363,1,1,0,True
5365,1,0,1,True
5366,1,1,0,True
5367,3,3,0,True
5368,1,0,1,True
5372,1,0,1,True
5374,1,1,0,True
5375,2,2,0,True
5378,1,0,1,True
5379,1,0,1,True
5380,1,0,1,True
5383,1,0,1,True
5384,2,2,0,True
5385,1,0,1,True
5387,1,0,1,True
5388,1,1,0,True
5389,2,1,1,False
5390,3,3,0,True
5392,1,0,1,True
5394,1,1,0,True
5395,1,1,0,True
5396,1,0,1,True
5397,3,3,0,True
5401,1,0,1,True
5402,1,0,1,True
5404,1,0,1,True
5406,1,0,1,True
5408,2,0,2,True
5410,1,0,1,True
5411,1,0,1,True
5412,1,1,0,True
5413,1,1,0,True
5414,5,1,4,False
5415,1,0,1,True
5416,4,3,1,False
5418,1,0,1,True
5420,1,1,0,True
5421,1,0,1,True
5422,1,1,0,True
5423,2,1,1,False
5424,2,0,2,True
5425,1,0,1,True
5427,3,1,2,False
5430,1,0,1,True
5431,1,1,0,True
5434,1,1,0,True
5435,1,0,1,True
5436,1,0,1,True
5437,1,1,0,True
5438,1,0,1,True
5440,3,1,2,False
5441,1,1,0,True
5443,1,0,1,True
5445,1,0,1,True
5446,1,1,0,True
5447,2,2,0,True
5450,1,1,0,True
5451,1,1,0,True
5452,1,1,0,True
5453,1,0,1,True
5454,1,0,1,True
5455,1,0,1,True
5457,1,0,1,True
5458,1,0,1,True
5459,1,0,1,True
5462,1,0,1,True
5463,1,1,0,True
5465,3,1,2,False
5466,5,2,3,False
5467,1,0,1,True
5468,1,1,0,True
5469,1,1,0,True
5470,1,0,1,True
5471,1,0,1,True
5472,1,1,0,True
5474,1,1,0,True
5475,1,0,1,True
5476,1,1,0,True
5477,1,1,0,True
5478,1,0,1,True
5479,1,1,0,True
5480,1,0,1,True
5483,1,0,1,True
5484,1,1,0,True
5485,1,0,1,True
5487,1,1,0,True
5488,4,3,1,False
5489,2,1,1,False
5490,1,0,1,True
5491,1,0,1,True
5492,1,0,1,True
5494,1,1,0,True
5496,1,1,0,True
5497,2,2,0,True
5499,1,1,0,True
5500,1,0,1,True
5501,1,1,0,True
5504,1,0,1,True
5506,1,1,0,True
5507,1,0,1,True
5508,1,0,1,True
5509,1,1,0,True
5510,1,1,0,True
5511,2,1,1,False
5512,2,1,1,False
5514,4,4,0,True
5515,1,0,1,True
5517,1,0,1,True
5520,1,1,0,True
5521,1,0,1,True
5522,3,3,0,True
5523,1,0,1,True
5524,1,1,0,True
5526,2,1,1,False
5527,4,1,3,False
5528,1,0,1,True
5529,1,0,1,True
5530,2,1,1,False
5531,2,1,1,False
5535,3,3,0,True
5536,1,1,0,True
5537,1,0,1,True
5538,2,2,0,True
5539,1,0,1,True
5540,1,1,0,True
5541,1,1,0,True
5543,1,1,0,True
5544,1,0,1,True
5545,3,3,0,True
5546,1,0,1,True
5550,1,1,0,True
5551,1,1,0,True
5552,3,1,2,False
5555,1,1,0,True
5556,1,0,1,True
5557,1,1,0,True
5559,1,1,0,True
5560,1,0,1,True
5561,4,1,3,False
5563,1,1,0,True
5566,1,0,1,True
5568,2,1,1,False
5569,1,0,1,True
5571,1,1,0,True
5572,1,1,0,True
5573,1,0,1,True
5574,1,0,1,True
5575,2,1,1,False
5578,1,1,0,True
5580,1,1,0,True
5581,1,1,0,True
5582,1,0,1,True
5583,1,1,0,True
5585,2,1,1,False
5586,1,0,1,True
5587,1,0,1,True
5589,1,1,0,True
5591,1,0,1,True
5592,1,1,0,True
5594,1,0,1,True
5595,1,0,1,True
5596,1,0,1,True
5598,1,1,0,True
5599,1,0,1,True
5601,5,5,0,True
5602,2,2,0,True
5603,1,0,1,True
5606,2,2,0,True
5608,1,1,0,True
5609,1,0,1,True
5610,2,1,1,False
5611,2,1,1,False
5613,1,1,0,True
5614,1,1,0,True
5615,1,1,0,True
5616,1,1,0,True
5618,1,1,0,True
5619,1,1,0,True
5622,1,1,0,True
5623,1,1,0,True
5625,5,1,4,False
5626,1,1,0,True
5627,1,0,1,True
5628,1,0,1,True
5629,1,1,0,True
5631,1,0,1,True
5637,1,0,1,True
5639,1,1,0,True
5640,1,1,0,True
5642,2,2,0,True
5643,3,1,2,False
5644,1,0,1,True
5645,1,1,0,True
5646,1,1,0,True
5647,3,2,1,False
5648,2,0,2,True
5650,1,0,1,True
5651,1,1,0,True
5652,1,0,1,True
5653,1,0,1,True
5655,1,0,1,True
5659,1,0,1,True
5661,2,1,1,False
5662,2,1,1,False
5663,1,1,0,True
5667,1,0,1,True
5671,1,0,1,True
5673,1,1,0,True
5674,1,0,1,True
5677,1,0,1,True
5679,3,3,0,True
5680,1,1,0,True
5681,1,1,0,True
5684,4,3,1,False
5685,1,0,1,True
5686,2,0,2,True
5687,1,0,1,True
5688,1,1,0,True
5689,1,0,1,True
5692,1,0,1,True
5693,1,1,0,True
5695,1,1,0,True
5696,1,1,0,True
5698,2,1,1,False
5700,1,1,0,True
5701,1,1,0,True
5702,1,1,0,True
5704,1,1,0,True
5705,1,1,0,True
5706,2,2,0,True
5707,1,1,0,True
5709,1,1,0,True
5710,1,1,0,True
5711,1,0,1,True
5712,1,1,0,True
5713,1,1,0,True
5714,5,4,1,False
5716,1,1,0,True
5717,1,1,0,True
5718,1,1,0,True
5719,2,1,1,False
5721,2,1,1,False
5722,1,0,1,True
5723,1,0,1,True
5724,1,1,0,True
5725,1,1,0,True
5726,1,1,0,True
5727,1,0,1,True
5728,1,0,1,True
5729,1,1,0,True
5730,1,0,1,True
5732,1,0,1,True
5733,2,1,1,False
5735,1,1,0,True
5736,1,0,1,True
5737,2,2,0,True
5738,1,1,0,True
5739,1,1,0,True
5740,2,0,2,True
5742,1,0,1,True
5744,1,1,0,True
5746,1,0,1,True
5747,1,0,1,True
5748,1,0,1,True
5750,1,0,1,True
5751,1,0,1,True
5755,1,1,0,True
5756,8,1,7,False
5757,1,0,1,True
5758,1,1,0,True
5761,1,1,0,True
5763,2,0,2,True
5764,1,1,0,True
5765,1,0,1,True
5767,1,1,0,True
5768,2,2,0,True
5769,2,2,0,True
5771,1,1,0,True
5772,1,0,1,True
5773,1,1,0,True
5776,1,0,1,True
5777,1,0,1,True
5778,1,0,1,True
5779,1,1,0,True
5780,3,3,0,True
5781,1,0,1,True
5783,1,1,0,True
5785,1,0,1,True
5786,1,0,1,True
5788,1,1,0,True
5790,1,0,1,True
5791,1,1,0,True
5792,1,0,1,True
5793,1,1,0,True
5794,1,0,1,True
5795,1,1,0,True
5796,1,0,1,True
5799,1,1,0,True
5800,1,0,1,True
5802,1,1,0,True
5804,1,0,1,True
5806,1,0,1,True
5808,3,0,3,True
5809,2,1,1,False
5810,2,2,0,True
5811,2,1,1,False
5812,6,6,0,True
5813,1,1,0,True
5814,7,5,2,False
5816,1,1,0,True
5817,1,1,0,True
5818,1,0,1,True
5819,1,1,0,True
5820,1,1,0,True
5821,1,0,1,True
5822,1,1,0,True
5823,1,1,0,True
5824,1,1,0,True
5825,1,1,0,True
5826,1,1,0,True
5827,1,1,0,True
5828,1,0,1,True
5829,1,0,1,True
5831,1,0,1,True
5834,1,0,1,True
5835,1,1,0,True
5836,1,1,0,True
5837,1,0,1,True
5839,1,1,0,True
5840,1,0,1,True
5842,2,2,0,True
5843,1,1,0,True
5844,1,1,0,True
5846,1,0,1,True
5847,1,0,1,True
5848,1,1,0,True
5849,1,0,1,True
5852,1,0,1,True
5854,1,1,0,True
5855,2,2,0,True
5856,2,2,0,True
5857,1,0,1,True
5858,1,1,0,True
5859,1,1,0,True
5860,3,2,1,False
5861,1,1,0,True
5863,2,1,1,False
5867,1,0,1,True
5868,1,0,1,True
5869,1,1,0,True
5871,1,1,0,True
5874,1,1,0,True
5875,1,0,1,True
5876,3,3,0,True
5877,1,0,1,True
5878,1,1,0,True
5879,1,1,0,True
5880,1,1,0,True
5882,1,0,1,True
5885,8,5,3,False
5886,2,0,2,True
5887,2,1,1,False
5888,2,0,2,True
5889,1,0,1,True
5890,1,1,0,True
5891,1,1,0,True
5894,1,1,0,True
5897,1,1,0,True
5898,1,1,0,True
5900,3,3,0,True
5901,1,0,1,True
5902,1,0,1,True
5903,1,0,1,True
5905,1,1,0,True
5906,1,0,1,True
5907,1,1,0,True
5908,1,1,0,True
5909,3,3,0,True
5912,1,1,0,True
5913,1,0,1,True
5915,1,0,1,True
5916,1,1,0,True
5919,1,1,0,True
5920,1,0,1,True
5921,2,1,1,False
5922,1,0,1,True
5923,1,1,0,True
5924,1,0,1,True
5925,3,1,2,False
5927,7,2,5,False
5928,1,1,0,True
5930,3,2,1,False
5931,1,0,1,True
5933,1,0,1,True
5934,1,1,0,True
5938,2,2,0,True
5939,1,0,1,True
5941,1,1,0,True
5944,1,1,0,True
5945,3,3,0,True
5946,1,0,1,True
5947,1,1,0,True
5949,2,1,1,False
5950,1,0,1,True
5951,1,0,1,True
5952,1,1,0,True
5953,1,0,1,True
5954,1,0,1,True
5955,2,0,2,True
5956,1,0,1,True
5957,3,2,1,False
5959,2,1,1,False
5960,3,3,0,True
5963,1,0,1,True
5965,1,1,0,True
5967,3,2,1,False
5968,1,0,1,True
5969,3,2,1,False
5970,1,1,0,True
5971,1,0,1,True
5972,1,1,0,True
5973,1,0,1,True
5974,1,1,0,True
5975,1,1,0,True
5976,1,0,1,True
5977,4,2,2,False
5980,1,1,0,True
5981,3,2,1,False
5983,2,1,1,False
5984,2,1,1,False
5985,1,1,0,True
5986,1,1,0,True
5987,1,1,0,True
5988,1,0,1,True
5989,1,0,1,True
5990,1,1,0,True
5991,1,1,0,True
5992,1,1,0,True
5993,1,1,0,True
5994,1,0,1,True
5995,1,1,0,True
5998,1,1,0,True
5999,1,1,0,True
6000,2,0,2,True
6001,1,0,1,True
6003,1,0,1,True
6004,1,1,0,True
6006,2,1,1,False
6007,1,1,0,True
6008,1,1,0,True
6010,1,1,0,True
6011,1,0,1,True
6014,1,0,1,True
6015,2,2,0,True
6016,2,0,2,True
6017,2,2,0,True
6019,1,1,0,True
6020,7,0,7,True
6022,1,0,1,True
6024,1,1,0,True
6025,1,0,1,True
6026,1,1,0,True
6027,1,1,0,True
6028,5,3,2,False
6029,1,0,1,True
6030,7,7,0,True
6031,1,1,0,True
6032,3,2,1,False
6033,2,1,1,False
6034,3,2,1,False
6035,2,1,1,False
6036,3,3,0,True
6038,1,0,1,True
6039,2,1,1,False
6040,1,1,0,True
6041,1,0,1,True
6042,1,0,1,True
6043,1,0,1,True
6045,1,0,1,True
6047,1,1,0,True
6048,1,0,1,True
6049,1,1,0,True
6052,1,0,1,True
6054,1,1,0,True
6055,3,1,2,False
6058,1,0,1,True
6059,1,1,0,True
6061,1,1,0,True
6062,2,0,2,True
6064,1,0,1,True
6065,1,1,0,True
6066,3,1,2,False
6067,1,0,1,True
6068,1,1,0,True
6069,1,0,1,True
6070,1,0,1,True
6071,1,1,0,True
6073,1,1,0,True
6075,1,1,0,True
6076,1,1,0,True
6077,1,1,0,True
6080,1,1,0,True
6082,1,0,1,True
6085,1,1,0,True
6086,1,1,0,True
6087,1,0,1,True
6090,1,1,0,True
6091,2,1,1,False
6092,3,3,0,True
6094,3,3,0,True
6095,1,0,1,True
6096,3,2,1,False
6098,1,0,1,True
6099,1,1,0,True
6101,1,0,1,True
6102,1,0,1,True
6103,1,1,0,True
6105,1,0,1,True
6106,1,1,0,True
6107,1,1,0,True
6108,1,0,1,True
6109,2,1,1,False
6110,1,1,0,True
6111,5,4,1,False
6112,1,1,0,True
6115,1,0,1,True
6116,1,0,1,True
6117,1,0,1,True
6118,2,0,2,True
6120,1,1,0,True
6121,2,1,1,False
6122,1,1,0,True
6123,1,1,0,True
6124,1,1,0,True
6126,1,1,0,True
6127,1,0,1,True
6128,2,0,2,True
6130,1,1,0,True
6132,1,1,0,True
6133,1,1,0,True
6135,1,0,1,True
6136,1,0,1,True
6137,6,5,1,False
6138,1,1,0,True
6139,6,6,0,True
6141,2,0,2,True
6143,1,1,0,True
6145,1,0,1,True
6146,1,0,1,True
6148,2,2,0,True
6149,1,1,0,True
6150,1,1,0,True
6152,2,1,1,False
6153,1,1,0,True
6155,1,0,1,True
6156,1,0,1,True
6157,1,0,1,True
6158,1,1,0,True
6162,1,0,1,True
6163,1,0,1,True
6166,1,0,1,True
6167,1,1,0,True
6168,2,2,0,True
6169,1,1,0,True
6170,1,0,1,True
6171,1,0,1,True
6172,1,1,0,True
6173,1,1,0,True
6174,3,1,2,False
6175,3,1,2,False
6176,1,1,0,True
6178,1,0,1,True
6179,1,1,0,True
6180,1,1,0,True
6181,1,0,1,True
6182,1,0,1,True
6184,1,1,0,True
6186,1,1,0,True
6189,1,1,0,True
6191,4,4,0,True
6192,1,1,0,True
6194,1,0,1,True
6199,2,2,0,True
6200,3,1,2,False
6201,1,0,1,True
6205,1,0,1,True
6206,1,0,1,True
6207,3,1,2,False
6208,1,1,0,True
6211,1,1,0,True
6213,1,1,0,True
6215,2,1,1,False
6216,1,1,0,True
6218,2,0,2,True
6219,1,0,1,True
6220,1,0,1,True
6222,1,0,1,True
6223,1,0,1,True
6224,2,1,1,False
6225,1,0,1,True
6227,1,0,1,True
6228,1,1,0,True
6229,1,1,0,True
6230,1,0,1,True
6232,1,1,0,True
6234,1,1,0,True
6236,1,0,1,True
6237,1,1,0,True
6238,1,1,0,True
6239,1,0,1,True
6241,1,0,1,True
6243,1,1,0,True
6245,1,1,0,True
6246,1,0,1,True
6248,1,1,0,True
6249,1,1,0,True
6250,1,1,0,True
6251,1,1,0,True
6252,1,0,1,True
6253,2,0,2,True
6254,2,2,0,True
6256,1,1,0,True
6262,2,1,1,False
6263,2,1,1,False
6264,1,0,1,True
6265,1,0,1,True
6266,1,1,0,True
6268,1,1,0,True
6270,2,0,2,True
6271,1,1,0,True
6273,2,0,2,True
6274,1,1,0,True
6276,1,1,0,True
6277,1,1,0,True
6279,1,0,1,True
6280,1,1,0,True
6281,1,1,0,True
6282,1,0,1,True
6283,2,0,2,True
6285,2,2,0,True
6289,1,1,0,True
6290,1,1,0,True
6292,1,1,0,True
6293,1,0,1,True
6296,1,1,0,True
6297,1,1,0,True
6299,1,1,0,True
6300,1,1,0,True
6301,1,0,1,True
6302,7,4,3,False
6304,1,1,0,True
6305,2,1,1,False
6308,1,0,1,True
6309,5,5,0,True
6313,2,0,2,True
6315,1,0,1,True
6316,1,0,1,True
6317,1,0,1,True
6318,1,1,0,True
6319,1,0,1,True
6320,1,1,0,True
6321,3,2,1,False
6322,1,1,0,True
6323,2,1,1,False
6324,3,2,1,False
6325,2,1,1,False
6326,1,0,1,True
6327,1,1,0,True
6328,4,1,3,False
6330,1,1,0,True
6331,1,1,0,True
6334,7,6,1,False
6335,1,0,1,True
6338,1,0,1,True
6339,1,0,1,True
6340,2,1,1,False
6341,1,0,1,True
6343,1,1,0,True
6344,2,2,0,True
6346,2,0,2,True
6347,1,1,0,True
6348,1,0,1,True
6349,1,1,0,True
6351,1,1,0,True
6353,1,1,0,True
6354,1,1,0,True
6355,1,1,0,True
6356,1,1,0,True
6357,1,0,1,True
6360,3,3,0,True
6361,1,1,0,True
6363,7,2,5,False
6365,1,0,1,True
6366,1,1,0,True
6367,2,1,1,False
6368,1,0,1,True
6369,1,1,0,True
6370,1,1,0,True
6371,1,0,1,True
6372,4,3,1,False
6373,1,1,0,True
6374,1,0,1,True
6376,1,1,0,True
6378,1,1,0,True
6380,3,1,2,False
6381,1,0,1,True
6385,1,0,1,True
6388,1,1,0,True
6390,1,1,0,True
6394,4,3,1,False
6396,1,0,1,True
6397,1,0,1,True
6398,1,1,0,True
6399,1,0,1,True
6400,2,1,1,False
6402,5,2,3,False
6404,1,1,0,True
6405,4,3,1,False
6406,2,2,0,True
6407,1,1,0,True
6408,1,0,1,True
6409,1,0,1,True
6411,1,0,1,True
6412,1,0,1,True
6413,1,0,1,True
6414,1,1,0,True
6415,1,1,0,True
6416,1,1,0,True
6418,1,0,1,True
6419,1,1,0,True
6421,2,1,1,False
6422,4,1,3,False
6424,1,0,1,True
6428,2,2,0,True
6430,1,0,1,True
6431,3,1,2,False
6432,1,0,1,True
6433,2,2,0,True
6434,1,1,0,True
6436,1,1,0,True
6437,1,1,0,True
6439,1,1,0,True
6442,1,0,1,True
6443,7,5,2,False
6444,2,1,1,False
6446,3,2,1,False
6447,1,1,0,True
6448,1,0,1,True
6449,2,0,2,True
6450,2,1,1,False
6451,1,0,1,True
6452,3,3,0,True
6453,1,0,1,True
6454,1,1,0,True
6455,1,0,1,True
6456,1,0,1,True
6457,1,1,0,True
6458,1,0,1,True
6459,1,0,1,True
6461,1,1,0,True
6462,2,2,0,True
6463,1,0,1,True
6464,1,0,1,True
6468,4,2,2,False
6470,1,0,1,True
6471,1,1,0,True
6472,2,2,0,True
6473,1,1,0,True
6475,1,1,0,True
6477,2,0,2,True
6478,1,0,1,True
6480,1,0,1,True
6481,1,1,0,True
6482,3,2,1,False
6485,2,2,0,True
6487,1,0,1,True
6488,1,0,1,True
6489,1,0,1,True
6490,4,3,1,False
6492,1,1,0,True
6493,1,1,0,True
6494,1,0,1,True
6500,1,0,1,True
6501,1,1,0,True
6502,1,1,0,True
6503,1,0,1,True
6508,1,0,1,True
6509,1,1,0,True
6510,1,0,1,True
6511,3,1,2,False
6512,3,2,1,False
6513,1,0,1,True
6514,2,0,2,True
6517,1,0,1,True
6520,1,0,1,True
6522,1,1,0,True
6523,1,1,0,True
6525,3,2,1,False
6526,2,1,1,False
6529,1,1,0,True
6530,1,0,1,True
6531,1,1,0,True
6535,1,0,1,True
6539,1,0,1,True
6540,1,1,0,True
6541,1,0,1,True
6544,1,1,0,True
6545,1,1,0,True
6546,1,0,1,True
6547,1,0,1,True
6548,1,1,0,True
6549,2,0,2,True
6552,1,0,1,True
6553,1,0,1,True
6556,2,2,0,True
6557,1,0,1,True
6558,1,1,0,True
6560,1,1,0,True
6561,2,1,1,False
6562,1,0,1,True
6563,2,1,1,False
6565,2,0,2,True
6567,2,0,2,True
6568,1,0,1,True
6569,1,1,0,True
6570,1,0,1,True
6572,1,0,1,True
6573,1,1,0,True
6574,1,0,1,True
6578,2,1,1,False
6580,1,0,1,True
6582,1,0,1,True
6583,2,2,0,True
6585,2,2,0,True
6588,2,2,0,True
6590,2,1,1,False
6591,1,0,1,True
6592,1,1,0,True
6593,2,1,1,False
6594,1,1,0,True
6595,1,1,0,True
6598,1,1,0,True
6599,1,1,0,True
6601,1,0,1,True
6602,1,1,0,True
6603,1,1,0,True
6604,1,1,0,True
6606,1,0,1,True
6608,1,0,1,True
6609,1,0,1,True
6611,3,2,1,False
6613,1,1,0,True
6614,1,1,0,True
6616,1,1,0,True
6618,1,1,0,True
6620,1,1,0,True
6621,1,1,0,True
6622,2,1,1,False
6623,1,1,0,True
6624,1,0,1,True
6625,2,1,1,False
6626,1,0,1,True
6628,1,0,1,True
6630,1,1,0,True
6631,1,0,1,True
6633,1,1,0,True
6634,2,2,0,True
6635,2,0,2,True
6637,1,0,1,True
6638,1,0,1,True
6639,1,1,0,True
6641,2,2,0,True
6642,1,1,0,True
6643,1,0,1,True
6645,1,1,0,True
6646,1,1,0,True
6647,1,1,0,True
6649,1,0,1,True
6650,1,0,1,True
6652,1,0,1,True
6654,3,3,0,True
6655,1,1,0,True
6656,1,1,0,True
6659,1,1,0,True
6660,1,0,1,True
6662,3,2,1,False
6663,2,0,2,True
6664,1,1,0,True
6665,4,2,2,False
6667,1,1,0,True
6668,2,1,1,False
6669,1,1,0,True
6670,1,0,1,True
6671,3,2,1,False
6672,4,3,1,False
6673,1,0,1,True
6674,5,3,2,False
6675,2,0,2,True
6676,1,1,0,True
6680,1,1,0,True
6681,1,1,0,True
6683,1,1,0,True
6684,3,1,2,False
6691,1,1,0,True
6692,1,1,0,True
6693,1,0,1,True
6694,1,1,0,True
6697,1,0,1,True
6698,1,0,1,True
6699,1,0,1,True
6702,1,1,0,True
6706,2,2,0,True
6707,1,1,0,True
6708,6,5,1,False
6709,1,1,0,True
6711,1,0,1,True
6713,1,0,1,True
6718,3,1,2,False
6719,1,1,0,True
6720,1,1,0,True
6721,1,1,0,True
6722,3,2,1,False
6724,2,2,0,True
6725,1,0,1,True
6726,1,1,0,True
6727,1,1,0,True
6729,3,1,2,False
6730,1,1,0,True
6731,1,0,1,True
6734,4,4,0,True
6736,1,1,0,True
6739,1,1,0,True
6741,2,1,1,False
6742,1,1,0,True
6744,5,0,5,True
6745,1,0,1,True
6746,1,1,0,True
6747,1,1,0,True
6748,4,2,2,False
6749,1,1,0,True
6750,1,0,1,True
6751,2,1,1,False
6753,2,1,1,False
6754,1,1,0,True
6756,3,2,1,False
6757,1,0,1,True
6758,1,0,1,True
6760,1,1,0,True
6761,2,1,1,False
6762,1,0,1,True
6763,1,1,0,True
6764,2,1,1,False
6765,1,1,0,True
6766,3,2,1,False
6773,1,0,1,True
6774,3,1,2,False
6775,1,1,0,True
6776,1,0,1,True
6778,1,0,1,True
6779,4,4,0,True
6780,2,2,0,True
6782,1,0,1,True
6784,2,1,1,False
6786,1,0,1,True
6787,7,4,3,False
6788,1,0,1,True
6789,1,1,0,True
6792,1,1,0,True
6794,1,1,0,True
6796,1,0,1,True
6798,1,1,0,True
6799,1,1,0,True
6800,1,1,0,True
6801,1,1,0,True
6802,1,0,1,True
6805,1,0,1,True
6806,1,1,0,True
6808,1,0,1,True
6810,5,5,0,True
6813,1,0,1,True
6814,1,1,0,True
6816,6,3,3,False
6817,1,0,1,True
6818,1,1,0,True
6820,1,0,1,True
6821,1,0,1,True
6822,1,0,1,True
6824,1,1,0,True
6825,2,1,1,False
6826,1,0,1,True
6827,4,3,1,False
6829,3,1,2,False
6831,1,0,1,True
6832,1,1,0,True
6833,1,1,0,True
6834,1,1,0,True
6837,1,1,0,True
6839,1,0,1,True
6840,1,1,0,True
6841,1,1,0,True
6843,2,2,0,True
6844,1,0,1,True
6848,1,1,0,True
6850,3,0,3,True
6851,1,1,0,True
6853,1,0,1,True
6854,1,0,1,True
6857,1,0,1,True
6858,4,3,1,False
6859,1,1,0,True
6861,1,1,0,True
6862,2,1,1,False
6863,1,0,1,True
6864,2,2,0,True
6865,2,1,1,False
6866,2,1,1,False
6868,1,0,1,True
6869,1,0,1,True
6871,1,1,0,True
6873,1,1,0,True
6879,1,1,0,True
6880,2,0,2,True
6882,2,1,1,False
6883,1,1,0,True
6885,1,1,0,True
6887,1,0,1,True
6889,1,0,1,True
6891,1,1,0,True
6892,1,1,0,True
6893,1,1,0,True
6894,3,3,0,True
6895,1,0,1,True
6896,3,2,1,False
6898,1,1,0,True
6899,2,1,1,False
6900,1,1,0,True
6901,1,0,1,True
6902,1,1,0,True
6903,1,0,1,True
6905,3,1,2,False
6906,3,2,1,False
6907,1,1,0,True
6908,1,0,1,True
6910,1,0,1,True
6911,1,1,0,True
6912,1,0,1,True
6913,2,1,1,False
6915,1,1,0,True
6917,1,0,1,True
6918,1,1,0,True
6920,1,0,1,True
6921,6,5,1,False
6924,1,1,0,True
6925,1,0,1,True
6926,1,1,0,True
6928,2,0,2,True
6929,3,3,0,True
6930,1,1,0,True
6931,1,1,0,True
6932,1,1,0,True
6934,2,1,1,False
6937,1,1,0,True
6939,1,0,1,True
6940,1,1,0,True
6943,1,1,0,True
6944,1,1,0,True
6945,1,1,0,True
6946,1,0,1,True
6947,2,2,0,True
6949,1,0,1,True
6950,2,2,0,True
6951,2,2,0,True
6954,2,0,2,True
6957,1,1,0,True
6960,1,0,1,True
6962,1,0,1,True
6963,1,0,1,True
6964,1,0,1,True
6966,1,0,1,True
6967,1,0,1,True
6968,2,0,2,True
6970,2,0,2,True
6971,6,5,1,False
6972,1,0,1,True
6973,1,0,1,True
6976,1,1,0,True
6977,2,2,0,True
6978,1,1,0,True
6979,1,0,1,True
6980,1,1,0,True
6981,1,0,1,True
6982,1,1,0,True
6984,3,1,2,False
6985,1,0,1,True
6987,1,1,0,True
6988,2,1,1,False
6990,1,0,1,True
6991,2,1,1,False
6992,3,1,2,False
6994,2,1,1,False
6995,1,0,1,True
6996,1,0,1,True
6997,2,0,2,True
6998,1,0,1,True
6999,1,0,1,True
7001,1,1,0,True
7002,1,0,1,True
7004,1,0,1,True
7005,1,1,0,True
7006,1,1,0,True
7007,2,1,1,False
7008,1,0,1,True
7010,2,1,1,False
7011,1,0,1,True
7013,1,1,0,True
7014,1,1,0,True
7015,1,1,0,True
7016,1,0,1,True
7017,1,1,0,True
7018,1,0,1,True
7019,2,0,2,True
7020,1,1,0,True
7021,1,1,0,True
7022,2,1,1,False
7025,1,1,0,True
7026,1,0,1,True
7027,1,1,0,True
7028,2,2,0,True
7029,2,1,1,False
7031,1,1,0,True
7032,1,0,1,True
7034,1,0,1,True
7036,1,1,0,True
7037,1,0,1,True
7038,1,0,1,True
7039,1,0,1,True
7040,1,1,0,True
7041,1,1,0,True
7042,1,0,1,True
7044,1,0,1,True
7045,1,0,1,True
7047,1,1,0,True
7048,1,0,1,True
7049,1,1,0,True
7050,1,1,0,True
7051,1,0,1,True
7052,1,1,0,True
7053,1,0,1,True
7056,1,0,1,True
7057,1,0,1,True
7058,1,1,0,True
7059,1,1,0,True
7060,1,0,1,True
7061,1,1,0,True
7062,1,0,1,True
7068,1,0,1,True
7069,3,1,2,False
7071,1,0,1,True
7072,1,0,1,True
7073,1,1,0,True
7074,2,1,1,False
7077,1,0,1,True
7078,1,0,1,True
7079,1,0,1,True
7080,1,1,0,True
7082,1,0,1,True
7083,2,2,0,True
7084,1,0,1,True
7085,3,2,1,False
7086,1,0,1,True
7087,1,1,0,True
7088,1,0,1,True
7089,1,1,0,True
7090,1,0,1,True
7091,1,1,0,True
7092,1,1,0,True
7093,1,0,1,True
7094,1,1,0,True
7095,1,1,0,True
7096,3,2,1,False
7097,4,1,3,False
7098,1,1,0,True
7099,1,0,1,True
7104,2,1,1,False
7105,1,1,0,True
7106,1,1,0,True
7109,1,0,1,True
7110,1,0,1,True
7111,1,0,1,True
7113,2,1,1,False
7114,1,0,1,True
7116,1,0,1,True
7117,1,1,0,True
7118,1,0,1,True
7119,1,0,1,True
7120,1,0,1,True
7121,2,2,0,True
7126,1,0,1,True
7127,2,1,1,False
7128,3,1,2,False
7132,1,0,1,True
7133,1,0,1,True
7134,1,1,0,True
7137,1,0,1,True
7140,1,0,1,True
7142,3,1,2,False
7143,1,0,1,True
7144,1,0,1,True
7148,1,1,0,True
7149,1,1,0,True
7151,1,0,1,True
7152,2,2,0,True
7155,1,0,1,True
7156,4,4,0,True
7157,2,1,1,False
7159,1,1,0,True
7160,1,1,0,True
7161,1,0,1,True
7162,1,0,1,True
7165,1,1,0,True
7166,1,0,1,True
7167,1,1,0,True
7168,1,1,0,True
7170,1,0,1,True
7171,1,1,0,True
7173,1,1,0,True
7175,1,0,1,True
7176,3,2,1,False
7177,1,0,1,True
7179,1,1,0,True
7180,1,0,1,True
7181,1,1,0,True
7182,1,0,1,True
7184,1,1,0,True
7186,3,1,2,False
7187,1,1,0,True
7188,3,2,1,False
7189,1,1,0,True
7190,1,1,0,True
7191,1,0,1,True
7192,1,1,0,True
7193,1,1,0,True
7194,1,0,1,True
7197,1,0,1,True
7199,1,0,1,True
7200,1,1,0,True
7202,1,0,1,True
7203,1,1,0,True
7205,1,0,1,True
7206,1,0,1,True
7207,1,1,0,True
7208,2,1,1,False
7210,1,0,1,True
7214,1,1,0,True
7215,1,1,0,True
7216,1,1,0,True
7217,1,1,0,True
7218,1,1,0,True
7219,6,3,3,False
7221,1,0,1,True
7224,1,1,0,True
7225,1,0,1,True
7226,1,0,1,True
7227,1,0,1,True
7229,1,0,1,True
7230,1,1,0,True
7232,1,0,1,True
7233,1,0,1,True
7234,1,0,1,True
7235,1,0,1,True
7236,1,1,0,True
7238,1,0,1,True
7240,2,2,0,True
7242,1,1,0,True
7246,1,0,1,True
7247,1,0,1,True
7249,2,1,1,False
7250,1,1,0,True
7252,1,0,1,True
7253,1,1,0,True
7255,1,0,1,True
7256,1,0,1,True
7257,2,1,1,False
7258,1,1,0,True
7259,1,1,0,True
7260,1,0,1,True
7261,1,1,0,True
7267,2,2,0,True
7268,1,0,1,True
7270,1,1,0,True
7271,1,0,1,True
7273,1,1,0,True
7274,1,0,1,True
7276,1,0,1,True
7277,1,1,0,True
7278,1,1,0,True
7279,1,1,0,True
7280,1,0,1,True
7283,1,1,0,True
7284,1,0,1,True
7285,1,1,0,True
7289,1,1,0,True
7290,5,3,2,False
7292,1,0,1,True
7296,1,0,1,True
7297,1,0,1,True
7298,1,1,0,True
7300,1,1,0,True
7301,1,1,0,True
7302,1,0,1,True
7303,1,0,1,True
7304,1,1,0,True
7305,1,1,0,True
7306,1,1,0,True
7307,1,0,1,True
7309,1,0,1,True
7310,1,0,1,True
7311,1,0,1,True
7313,1,0,1,True
7314,1,1,0,True
7320,1,0,1,True
7321,1,1,0,True
7322,1,0,1,True
7323,1,0,1,True
7324,1,1,0,True
7326,1,0,1,True
7327,1,1,0,True
7328,1,0,1,True
7330,1,0,1,True
7331,1,0,1,True
7332,1,0,1,True
7334,1,0,1,True
7336,2,0,2,True
7337,1,0,1,True
7338,1,0,1,True
7339,1,0,1,True
7340,1,0,1,True
7341,1,1,0,True
7342,1,1,0,True
7343,1,0,1,True
7344,1,0,1,True
7346,1,0,1,True
7347,1,0,1,True
7350,1,1,0,True
7351,1,1,0,True
7353,3,2,1,False
7356,2,1,1,False
7358,1,0,1,True
7359,1,1,0,True
7360,1,1,0,True
7361,2,2,0,True
7365,1,0,1,True
7366,1,0,1,True
7367,2,0,2,True
7370,1,0,1,True
7371,1,1,0,True
7372,1,0,1,True
7374,1,1,0,True
7376,1,1,0,True
7377,1,0,1,True
7379,1,0,1,True
7385,1,0,1,True
7387,1,1,0,True
7388,1,1,0,True
7390,1,0,1,True
7391,1,0,1,True
7392,1,0,1,True
7393,1,0,1,True
7394,1,0,1,True
7395,4,2,2,False
7396,3,3,0,True
7398,1,1,0,True
7399,1,0,1,True
7401,1,0,1,True
7402,2,2,0,True
7403,1,0,1,True
7405,1,1,0,True
7406,1,0,1,True
7408,1,0,1,True
7410,1,1,0,True
7411,1,0,1,True
7416,1,0,1,True
7418,1,1,0,True
7419,2,2,0,True
7422,1,0,1,True
7425,2,1,1,False
7427,1,1,0,True
7428,1,0,1,True
7429,1,0,1,True
7430,1,0,1,True
7431,1,0,1,True
7432,1,1,0,True
7435,1,1,0,True
7436,1,0,1,True
7437,3,3,0,True
7438,1,1,0,True
7442,2,0,2,True
7444,1,0,1,True
7445,1,0,1,True
7446,1,0,1,True
7447,1,0,1,True
7448,1,0,1,True
7449,1,0,1,True
7450,1,0,1,True
7452,3,3,0,True
7453,1,1,0,True
7455,1,1,0,True
7456,1,1,0,True
7457,1,0,1,True
7458,1,0,1,True
7459,1,0,1,True
7460,1,1,0,True
7461,1,1,0,True
7462,1,1,0,True
7464,1,1,0,True
7472,1,1,0,True
7475,2,2,0,True
7477,1,0,1,True
7478,1,1,0,True
7479,1,1,0,True
7481,1,0,1,True
7483,1,1,0,True
7484,1,1,0,True
7485,1,0,1,True
7486,1,0,1,True
7487,1,1,0,True
7488,2,1,1,False
7490,1,1,0,True
7492,1,1,0,True
7494,1,0,1,True
7495,1,0,1,True
7496,1,1,0,True
7498,3,2,1,False
7499,1,1,0,True
7500,1,0,1,True
7501,1,0,1,True
7502,1,1,0,True
7503,2,2,0,True
7504,1,0,1,True
7505,3,2,1,False
7506,1,0,1,True
7507,3,2,1,False
7508,1,0,1,True
7509,1,0,1,True
7510,1,0,1,True
7512,1,0,1,True
7513,1,0,1,True
7514,1,0,1,True
7515,2,1,1,False
7517,1,0,1,True
7518,2,1,1,False
7520,1,0,1,True
7521,1,0,1,True
7522,1,0,1,True
7523,1,1,0,True
7524,2,2,0,True
7525,2,1,1,False
7527,1,1,0,True
7529,1,1,0,True
7531,2,2,0,True
7533,1,1,0,True
7534,1,0,1,True
7535,1,1,0,True
7536,1,1,0,True
7538,2,0,2,True
7542,1,0,1,True
7543,1,0,1,True
7544,1,0,1,True
7545,1,0,1,True
7549,1,1,0,True
7550,1,1,0,True
7552,1,1,0,True
7553,1,0,1,True
7559,1,0,1,True
7560,1,1,0,True
7561,1,0,1,True
7563,1,1,0,True
7565,4,3,1,False
7567,1,0,1,True
7568,1,0,1,True
7569,2,0,2,True
7572,1,0,1,True
7573,1,0,1,True
7574,1,1,0,True
7576,2,1,1,False
7577,1,0,1,True
7578,1,0,1,True
7579,1,1,0,True
7580,1,1,0,True
7583,1,1,0,True
7584,3,2,1,False
7585,4,3,1,False
7586,1,1,0,True
7588,2,2,0,True
7592,1,0,1,True
7594,1,1,0,True
7595,1,1,0,True
7596,2,2,0,True
7598,1,1,0,True
7599,1,0,1,True
7601,1,0,1,True
7604,2,1,1,False
7605,1,0,1,True
7606,1,1,0,True
7608,1,1,0,True
7609,2,1,1,False
7614,1,1,0,True
7616,1,1,0,True
7618,1,1,0,True
7620,1,0,1,True
7621,1,1,0,True
7622,1,0,1,True
7623,1,0,1,True
7624,1,1,0,True
7625,1,0,1,True
7626,1,0,1,True
7627,1,1,0,True
7628,2,1,1,False
7630,1,0,1,True
7631,1,0,1,True
7632,1,0,1,True
7633,1,0,1,True
7634,1,1,0,True
7635,1,1,0,True
7639,1,1,0,True
7640,1,1,0,True
7641,1,1,0,True
7643,2,1,1,False
7644,1,1,0,True
7646,3,2,1,False
7647,1,0,1,True
7649,1,1,0,True
7650,5,3,2,False
7652,1,1,0,True
7656,1,0,1,True
7660,1,1,0,True
7661,1,1,0,True
7665,1,1,0,True
7666,1,1,0,True
7667,1,1,0,True
7669,1,0,1,True
7670,1,1,0,True
7671,1,0,1,True
7676,1,0,1,True
7677,1,0,1,True
7678,2,1,1,False
7679,1,0,1,True
7680,1,0,1,True
7682,1,0,1,True
7683,1,1,0,True
7684,1,1,0,True
7687,1,0,1,True
7688,1,0,1,True
7689,1,0,1,True
7690,1,1,0,True
7691,1,1,0,True
7692,1,0,1,True
7693,2,2,0,True
7694,1,0,1,True
7696,2,0,2,True
7697,2,2,0,True
7698,1,1,0,True
7699,1,1,0,True
7700,1,0,1,True
7702,1,0,1,True
7703,2,2,0,True
7705,1,0,1,True
7707,1,0,1,True
7708,1,0,1,True
7709,2,0,2,True
7710,1,1,0,True
7711,1,0,1,True
7712,1,1,0,True
7713,1,1,0,True
7714,1,0,1,True
7715,1,0,1,True
7716,1,1,0,True
7717,1,0,1,True
7719,1,1,0,True
7720,1,0,1,True
7721,1,1,0,True
7723,1,1,0,True
7724,1,0,1,True
7727,1,1,0,True
7728,1,0,1,True
7729,1,1,0,True
7731,1,1,0,True
7736,1,0,1,True
7738,1,1,0,True
7739,1,0,1,True
7741,2,0,2,True
7742,2,2,0,True
7743,1,0,1,True
7744,2,1,1,False
7746,1,1,0,True
7747,1,0,1,True
7748,2,0,2,True
7749,2,1,1,False
7751,1,1,0,True
7752,1,0,1,True
7753,1,0,1,True
7754,1,1,0,True
7755,1,1,0,True
7757,2,2,0,True
7760,1,0,1,True
7761,2,2,0,True
7763,1,0,1,True
7764,1,0,1,True
7767,1,1,0,True
7768,1,1,0,True
7769,1,0,1,True
7770,2,0,2,True
7771,1,1,0,True
7773,1,1,0,True
7774,1,1,0,True
7775,1,0,1,True
7776,1,0,1,True
7777,1,1,0,True
7778,2,0,2,True
7780,1,1,0,True
7782,2,0,2,True
7783,1,1,0,True
7784,1,1,0,True
7785,1,0,1,True
7786,1,0,1,True
7787,2,1,1,False
7788,1,0,1,True
7789,1,0,1,True
7790,3,1,2,False
7791,1,0,1,True
7793,1,0,1,True
7797,1,0,1,True
7800,1,1,0,True
7801,1,0,1,True
7802,1,0,1,True
7803,2,1,1,False
7805,1,0,1,True
7806,1,0,1,True
7808,1,0,1,True
7809,2,2,0,True
7810,1,0,1,True
7812,1,0,1,True
7813,1,0,1,True
7815,1,1,0,True
7816,1,1,0,True
7818,1,0,1,True
7820,1,1,0,True
7821,1,0,1,True
7824,1,0,1,True
7828,1,0,1,True
7829,1,1,0,True
7830,4,2,2,False
7831,1,0,1,True
7832,1,0,1,True
7833,2,1,1,False
7834,1,0,1,True
7835,1,0,1,True
7837,2,2,0,True
7839,1,0,1,True
7840,1,0,1,True
7841,2,0,2,True
7842,1,1,0,True
7843,1,1,0,True
7845,1,1,0,True
7847,1,0,1,True
7848,2,1,1,False
7849,1,0,1,True
7850,1,0,1,True
7851,1,1,0,True
7852,1,0,1,True
7853,3,1,2,False
7856,1,0,1,True
7858,3,0,3,True
7859,1,1,0,True
7861,1,0,1,True
7863,1,1,0,True
7864,1,1,0,True
7865,3,3,0,True
7866,1,0,1,True
7868,1,0,1,True
7870,1,1,0,True
7871,1,1,0,True
7872,6,2,4,False
7873,2,1,1,False
7875,1,1,0,True
7877,1,0,1,True
7878,1,0,1,True
7879,1,0,1,True
7881,1,0,1,True
7882,2,1,1,False
7883,1,1,0,True
7884,1,0,1,True
7885,1,1,0,True
7886,1,0,1,True
7888,1,1,0,True
7889,1,1,0,True
7890,3,2,1,False
7891,2,1,1,False
7892,1,1,0,True
7894,1,1,0,True
7895,1,0,1,True
7897,1,1,0,True
7899,3,1,2,False
7901,1,1,0,True
7902,4,1,3,False
7903,1,0,1,True
7904,2,2,0,True
7905,3,1,2,False
7907,1,1,0,True
7908,1,1,0,True
7910,1,0,1,True
7913,1,1,0,True
7914,3,1,2,False
7916,1,0,1,True
7918,1,1,0,True
7919,1,0,1,True
7920,1,1,0,True
7922,1,0,1,True
7924,1,0,1,True
7926,1,0,1,True
7929,1,0,1,True
7930,1,1,0,True
7935,1,1,0,True
7936,3,1,2,False
7937,2,1,1,False
7939,1,0,1,True
7940,1,0,1,True
7941,1,0,1,True
7943,2,2,0,True
7944,2,1,1,False
7945,1,1,0,True
7946,1,1,0,True
7947,1,0,1,True
7949,1,0,1,True
7950,4,3,1,False
7952,2,0,2,True
7954,1,0,1,True
7955,1,0,1,True
7957,1,1,0,True
7958,1,1,0,True
7960,1,0,1,True
7962,1,0,1,True
7967,1,0,1,True
7968,1,1,0,True
7970,1,1,0,True
7972,2,1,1,False
7973,1,1,0,True
7974,2,0,2,True
7976,1,1,0,True
7981,2,0,2,True
7982,2,1,1,False
7983,1,1,0,True
7984,4,4,0,True
7985,1,1,0,True
7986,1,0,1,True
7987,1,0,1,True
7988,1,1,0,True
7989,1,0,1,True
7990,1,1,0,True
7993,2,2,0,True
7994,1,0,1,True
7995,1,1,0,True
7996,1,0,1,True
7999,1,1,0,True
8000,2,2,0,True
8003,1,1,0,True
8004,1,1,0,True
8005,3,1,2,False
8006,1,0,1,True
8007,2,1,1,False
8010,1,1,0,True
8012,3,2,1,False
8014,1,1,0,True
8015,3,2,1,False
8016,1,0,1,True
8018,1,0,1,True
8019,1,1,0,True
8020,1,0,1,True
8021,1,0,1,True
8023,2,2,0,True
8024,1,0,1,True
8025,1,1,0,True
8026,1,1,0,True
8027,2,0,2,True
8029,1,0,1,True
8030,1,0,1,True
8031,1,1,0,True
8032,2,2,0,True
8034,2,0,2,True
8035,1,1,0,True
8036,2,0,2,True
8037,1,0,1,True
8038,2,2,0,True
8042,1,0,1,True
8043,4,4,0,True
8046,1,1,0,True
8049,1,0,1,True
8050,3,2,1,False
8052,2,0,2,True
8053,1,0,1,True
8054,1,0,1,True
8055,1,0,1,True
8056,2,1,1,False
8057,2,2,0,True
8058,1,0,1,True
8059,1,0,1,True
8060,2,1,1,False
8063,1,0,1,True
8064,3,2,1,False
8066,1,1,0,True
8067,1,0,1,True
8068,1,0,1,True
8069,1,1,0,True
8071,1,1,0,True
8072,2,1,1,False
8075,1,0,1,True
8076,2,0,2,True
8077,1,0,1,True
8078,1,0,1,True
8079,1,1,0,True
8081,1,1,0,True
8082,2,1,1,False
8083,1,0,1,True
8084,1,0,1,True
8085,1,0,1,True
8086,1,1,0,True
8087,1,1,0,True
8088,2,0,2,True
8089,1,1,0,True
8091,1,0,1,True
8092,3,2,1,False
8094,1,1,0,True
8097,1,1,0,True
8098,4,3,1,False
8102,1,0,1,True
8103,1,0,1,True
8105,1,0,1,True
8106,1,1,0,True
8107,1,0,1,True
8108,1,0,1,True
8112,1,0,1,True
8115,2,2,0,True
8116,1,0,1,True
8117,3,2,1,False
8118,1,0,1,True
8119,3,1,2,False
8120,1,1,0,True
8121,1,1,0,True
8122,3,1,2,False
8123,1,0,1,True
8124,1,0,1,True
8128,1,1,0,True
8129,5,2,3,False
8130,3,0,3,True
8131,1,1,0,True
8133,1,0,1,True
8135,1,1,0,True
8136,2,1,1,False
8137,1,0,1,True
8138,1,0,1,True
8139,1,1,0,True
8140,1,1,0,True
8141,1,1,0,True
8143,1,1,0,True
8144,4,3,1,False
8147,4,2,2,False
8148,1,0,1,True
8149,1,0,1,True
8150,3,2,1,False
8152,1,0,1,True
8153,1,0,1,True
8156,1,0,1,True
8157,6,4,2,False
8158,1,0,1,True
8159,1,0,1,True
8161,1,0,1,True
8162,1,0,1,True
8164,1,0,1,True
8165,1,0,1,True
8167,1,1,0,True
8168,8,3,5,False
8171,1,0,1,True
8173,1,1,0,True
8175,1,1,0,True
8176,1,0,1,True
8177,1,0,1,True
8178,1,1,0,True
8182,1,0,1,True
8186,4,2,2,False
8189,1,0,1,True
8190,1,1,0,True
8191,1,0,1,True
8192,1,0,1,True
8194,1,1,0,True
8197,1,0,1,True
8199,1,0,1,True
8200,1,1,0,True
8202,6,5,1,False
8203,2,1,1,False
8204,2,0,2,True
8205,1,0,1,True
8207,1,1,0,True
8208,1,1,0,True
8209,1,1,0,True
8210,1,0,1,True
8211,1,1,0,True
8212,1,0,1,True
8213,1,0,1,True
8214,1,1,0,True
8216,1,1,0,True
8217,1,0,1,True
8218,1,1,0,True
8219,1,0,1,True
8220,1,1,0,True
8221,1,1,0,True
8222,2,1,1,False
8224,1,0,1,True
8225,1,0,1,True
8226,3,3,0,True
8227,1,1,0,True
8229,1,1,0,True
8231,2,1,1,False
8232,1,0,1,True
8233,2,0,2,True
8235,1,0,1,True
8237,1,0,1,True
8238,2,0,2,True
8239,1,0,1,True
8242,1,1,0,True
8243,1,0,1,True
8244,1,0,1,True
8247,1,1,0,True
8248,2,0,2,True
8251,1,1,0,True
8252,3,0,3,True
8254,1,1,0,True
8255,1,0,1,True
8257,1,0,1,True
8259,1,0,1,True
8260,3,2,1,False
8261,1,0,1,True
8264,1,1,0,True
8265,1,0,1,True
8266,1,1,0,True
8267,2,1,1,False
8268,2,1,1,False
8270,1,1,0,True
8271,1,1,0,True
8272,3,3,0,True
8273,1,0,1,True
8275,1,1,0,True
8276,2,2,0,True
8277,1,1,0,True
8279,1,1,0,True
8280,1,1,0,True
8281,1,0,1,True
8282,1,0,1,True
8287,1,0,1,True
8288,2,0,2,True
8289,1,0,1,True
8291,1,1,0,True
8292,1,1,0,True
8294,1,1,0,True
8295,1,0,1,True
8297,1,0,1,True
8298,1,1,0,True
8300,1,1,0,True
8301,1,0,1,True
8302,2,1,1,False
8303,1,0,1,True
8306,3,2,1,False
8307,2,2,0,True
8310,1,1,0,True
8313,1,0,1,True
8314,2,1,1,False
8315,1,0,1,True
8316,1,0,1,True
8317,1,0,1,True
8318,4,2,2,False
8319,1,0,1,True
8320,1,1,0,True
8321,1,0,1,True
8322,2,1,1,False
8323,1,1,0,True
8324,1,0,1,True
8326,1,0,1,True
8328,1,0,1,True
8329,1,0,1,True
8330,1,0,1,True
8332,1,1,0,True
8333,1,0,1,True
8334,1,1,0,True
8335,1,0,1,True
8336,1,1,0,True
8338,3,2,1,False
8339,2,0,2,True
8341,1,0,1,True
8342,3,2,1,False
8343,1,0,1,True
8344,3,3,0,True
8345,1,0,1,True
8346,1,0,1,True
8348,1,1,0,True
8354,2,2,0,True
8356,1,0,1,True
8360,2,2,0,True
8362,1,1,0,True
8363,2,0,2,True
8365,1,1,0,True
8366,5,1,4,False
8368,2,2,0,True
8369,2,2,0,True
8371,1,1,0,True
8373,1,0,1,True
8374,1,1,0,True
8375,1,1,0,True
8376,1,1,0,True
8377,1,0,1,True
8378,1,0,1,True
8379,1,0,1,True
8380,1,1,0,True
8381,1,0,1,True
8382,1,0,1,True
8383,7,3,4,False
8384,1,0,1,True
8386,1,0,1,True
8388,1,1,0,True
8390,1,1,0,True
8392,1,0,1,True
8393,1,0,1,True
8394,1,0,1,True
8395,1,0,1,True
8397,1,1,0,True
8398,2,2,0,True
8401,1,1,0,True
8403,1,1,0,True
8404,2,2,0,True
8405,1,1,0,True
8406,1,0,1,True
8407,1,0,1,True
8409,1,0,1,True
8410,1,0,1,True
8411,1,1,0,True
8414,1,0,1,True
8416,1,1,0,True
8418,2,1,1,False
8419,2,2,0,True
8420,1,0,1,True
8421,1,1,0,True
8423,1,0,1,True
8427,1,0,1,True
8429,1,1,0,True
8430,1,0,1,True
8431,2,1,1,False
8432,1,0,1,True
8433,1,1,0,True
8437,1,0,1,True
8438,1,0,1,True
8441,1,1,0,True
8442,1,0,1,True
8444,1,0,1,True
8447,1,0,1,True
8448,1,1,0,True
8449,2,1,1,False
8451,2,1,1,False
8452,4,3,1,False
8454,1,0,1,True
8456,1,1,0,True
8457,1,0,1,True
8458,6,5,1,False
8459,1,0,1,True
8460,1,0,1,True
8462,1,1,0,True
8463,1,0,1,True
8465,2,1,1,False
8466,1,0,1,True
8467,1,1,0,True
8468,1,0,1,True
8469,1,1,0,True
8470,1,0,1,True
8471,1,0,1,True
8472,1,0,1,True
8474,1,0,1,True
8475,2,0,2,True
8476,1,1,0,True
8477,1,0,1,True
8479,1,0,1,True
8480,2,0,2,True
8481,1,1,0,True
8482,1,0,1,True
8483,1,1,0,True
8486,1,1,0,True
8487,1,0,1,True
8489,1,1,0,True
8491,1,1,0,True
8492,1,1,0,True
8493,1,0,1,True
8494,1,1,0,True
8495,1,1,0,True
8500,1,1,0,True
8502,1,0,1,True
8503,3,1,2,False
8504,2,2,0,True
8506,1,0,1,True
8508,3,3,0,True
8509,1,0,1,True
8511,1,0,1,True
8512,1,1,0,True
8514,1,0,1,True
8516,1,1,0,True
8521,1,0,1,True
8522,1,1,0,True
8523,1,0,1,True
8524,1,1,0,True
8528,1,0,1,True
8530,1,0,1,True
8535,1,0,1,True
8536,1,0,1,True
8537,3,2,1,False
8539,1,0,1,True
8540,1,0,1,True
8541,2,1,1,False
8542,1,0,1,True
8544,1,0,1,True
8545,1,0,1,True
8548,1,0,1,True
8549,1,1,0,True
8551,1,0,1,True
8552,2,0,2,True
8554,1,1,0,True
8556,2,1,1,False
8557,2,2,0,True
8559,3,2,1,False
8560,1,1,0,True
8561,1,0,1,True
8566,1,0,1,True
8569,1,1,0,True
8570,1,0,1,True
8571,1,0,1,True
8572,1,0,1,True
8573,2,2,0,True
8574,5,3,2,False
8577,1,1,0,True
8580,1,0,1,True
8581,2,2,0,True
8584,1,0,1,True
8585,1,0,1,True
8586,1,0,1,True
8587,1,0,1,True
8588,1,1,0,True
8589,1,0,1,True
8592,1,0,1,True
8594,1,0,1,True
8595,1,1,0,True
8596,2,2,0,True
8597,1,1,0,True
8598,3,2,1,False
8599,1,0,1,True
8602,3,0,3,True
8603,1,0,1,True
8604,2,1,1,False
8605,5,3,2,False
8606,3,0,3,True
8607,1,1,0,True
8609,1,0,1,True
8610,1,1,0,True
8611,1,0,1,True
8612,1,0,1,True
8613,1,1,0,True
8614,1,1,0,True
8615,2,2,0,True
8616,2,1,1,False
8617,1,1,0,True
8618,2,1,1,False
8619,1,0,1,True
8620,1,0,1,True
8623,1,0,1,True
8624,2,0,2,True
8626,1,0,1,True
8628,1,0,1,True
8629,1,1,0,True
8631,1,0,1,True
8633,1,0,1,True
8634,1,0,1,True
8635,1,0,1,True
8636,1,1,0,True
8637,3,2,1,False
8638,3,2,1,False
8639,2,0,2,True
8640,1,0,1,True
8641,3,2,1,False
8642,1,0,1,True
8643,1,0,1,True
8644,2,0,2,True
8645,1,1,0,True
8646,4,2,2,False
8650,1,1,0,True
8653,1,1,0,True
8654,1,0,1,True
8656,3,1,2,False
8657,1,1,0,True
8658,2,1,1,False
8659,1,1,0,True
8661,1,0,1,True
8663,2,2,0,True
8664,1,0,1,True
8667,1,0,1,True
8668,3,1,2,False
8669,3,0,3,True
8670,1,1,0,True
8671,1,1,0,True
8672,1,0,1,True
8673,1,1,0,True
8674,1,0,1,True
8675,1,1,0,True
8680,1,0,1,True
8681,3,2,1,False
8683,1,0,1,True
8684,1,0,1,True
8685,1,1,0,True
8687,1,1,0,True
8688,1,0,1,True
8691,1,0,1,True
8693,1,1,0,True
8694,3,1,2,False
8695,1,1,0,True
8696,1,1,0,True
8700,1,0,1,True
8701,1,0,1,True
8703,1,0,1,True
8704,2,1,1,False
8708,1,0,1,True
8709,1,0,1,True
8710,1,0,1,True
8712,1,1,0,True
8714,1,1,0,True
8716,1,0,1,True
8717,1,0,1,True
8719,3,1,2,False
8720,1,1,0,True
8721,1,1,0,True
8722,2,0,2,True
8723,1,0,1,True
8727,1,0,1,True
8728,8,3,5,False
8729,2,0,2,True
8732,1,0,1,True
8733,1,0,1,True
8734,1,1,0,True
8735,1,0,1,True
8736,2,2,0,True
8741,3,2,1,False
8743,1,0,1,True
8744,1,0,1,True
8749,1,0,1,True
8750,1,0,1,True
8751,1,0,1,True
8752,1,0,1,True
8753,3,0,3,True
8754,1,0,1,True
8755,1,1,0,True
8757,1,1,0,True
8759,2,0,2,True
8760,1,0,1,True
8762,1,1,0,True
8764,1,1,0,True
8766,1,1,0,True
8769,1,1,0,True
8770,7,3,4,False
8771,1,0,1,True
8772,2,1,1,False
8773,1,0,1,True
8774,1,1,0,True
8776,1,1,0,True
8779,1,0,1,True
8780,1,0,1,True
8781,1,0,1,True
8782,1,1,0,True
8783,2,1,1,False
8785,2,1,1,False
8786,1,1,0,True
8787,1,0,1,True
8789,2,1,1,False
8790,1,1,0,True
8791,1,0,1,True
8794,1,1,0,True
8796,8,4,4,False
8797,1,0,1,True
8798,1,0,1,True
8799,1,1,0,True
8801,1,0,1,True
8802,1,1,0,True
8805,1,0,1,True
8806,1,1,0,True
8807,1,0,1,True
8808,1,1,0,True
8809,1,0,1,True
8811,1,0,1,True
8812,1,0,1,True
8813,1,0,1,True
8815,1,0,1,True
8816,5,4,1,False
8817,1,0,1,True
8818,1,1,0,True
8819,1,0,1,True
8820,1,1,0,True
8821,1,1,0,True
8822,1,0,1,True
8823,1,1,0,True
8824,1,0,1,True
8825,1,1,0,True
8826,3,0,3,True
8827,1,1,0,True
8828,1,1,0,True
8830,2,1,1,False
8831,1,1,0,True
8833,1,1,0,True
8834,1,0,1,True
8835,1,0,1,True
8836,2,0,2,True
8838,1,1,0,True
8840,1,0,1,True
8841,1,1,0,True
8842,1,1,0,True
8843,1,0,1,True
8844,1,1,0,True
8845,2,0,2,True
8848,1,1,0,True
8849,1,1,0,True
8850,1,0,1,True
8852,2,1,1,False
8853,1,0,1,True
8854,1,0,1,True
8856,1,1,0,True
8858,1,0,1,True
8860,4,3,1,False
8861,1,1,0,True
8862,5,4,1,False
8863,1,1,0,True
8864,1,1,0,True
8865,1,0,1,True
8867,2,2,0,True
8868,1,1,0,True
8869,1,1,0,True
8871,2,2,0,True
8872,1,1,0,True
8874,1,0,1,True
8876,1,1,0,True
8878,1,0,1,True
8880,1,1,0,True
8881,1,1,0,True
8883,1,0,1,True
8884,1,1,0,True
8885,1,0,1,True
8886,3,1,2,False
8889,1,0,1,True
8890,1,0,1,True
8891,2,2,0,True
8892,1,0,1,True
8894,1,1,0,True
8896,1,1,0,True
8897,1,1,0,True
8899,1,1,0,True
8900,1,0,1,True
8901,1,1,0,True
8902,1,1,0,True
8903,1,0,1,True
8904,1,0,1,True
8905,1,1,0,True
8906,1,0,1,True
8907,1,1,0,True
8910,1,0,1,True
8918,1,0,1,True
8919,1,0,1,True
8920,1,0,1,True
8922,1,1,0,True
8923,1,1,0,True
8926,1,1,0,True
8928,1,1,0,True
8930,1,1,0,True
8932,1,0,1,True
8937,1,1,0,True
8938,2,2,0,True
8939,1,1,0,True
8940,1,0,1,True
8941,3,1,2,False
8942,1,1,0,True
8944,3,2,1,False
8945,2,0,2,True
8947,1,1,0,True
8948,2,1,1,False
8954,1,0,1,True
8955,1,0,1,True
8956,8,1,7,False
8959,1,1,0,True
8961,5,1,4,False
8964,3,2,1,False
8966,1,0,1,True
8967,1,0,1,True
8968,1,1,0,True
8969,1,1,0,True
8970,1,0,1,True
8972,1,1,0,True
8973,1,1,0,True
8975,2,0,2,True
8976,1,0,1,True
8977,1,0,1,True
8978,1,0,1,True
8981,1,0,1,True
8982,1,0,1,True
8983,1,0,1,True
8985,1,0,1,True
8986,2,0,2,True
8987,1,1,0,True
8988,8,4,4,False
8989,4,3,1,False
8992,1,0,1,True
8993,1,0,1,True
8996,1,0,1,True
8997,2,1,1,False
8998,2,0,2,True
8999,1,0,1,True
9001,1,0,1,True
9003,1,1,0,True
9004,1,1,0,True
9006,1,1,0,True
9007,1,0,1,True
9008,2,0,2,True
9009,1,1,0,True
9010,1,1,0,True
9011,1,0,1,True
9012,1,0,1,True
9013,3,1,2,False
9014,1,1,0,True
9015,1,0,1,True
9018,1,0,1,True
9019,1,0,1,True
9020,1,1,0,True
9021,2,1,1,False
9023,1,1,0,True
9024,1,1,0,True
9026,1,1,0,True
9028,1,0,1,True
9029,1,0,1,True
9030,2,0,2,True
9031,1,0,1,True
9032,1,0,1,True
9034,5,3,2,False
9035,1,0,1,True
9036,1,1,0,True
9037,1,0,1,True
9038,1,1,0,True
9041,1,1,0,True
9042,1,1,0,True
9043,1,1,0,True
9046,2,1,1,False
9048,1,0,1,True
9049,1,1,0,True
9052,2,0,2,True
9057,2,1,1,False
9059,1,0,1,True
9060,1,0,1,True
9061,1,0,1,True
9064,1,0,1,True
9066,1,0,1,True
9068,1,0,1,True
9069,5,4,1,False
9071,1,0,1,True
9072,3,1,2,False
9073,2,1,1,False
9074,6,4,2,False
9075,1,0,1,True
9076,1,0,1,True
9077,2,1,1,False
9078,1,0,1,True
9079,1,1,0,True
9080,1,0,1,True
9081,8,4,4,False
9084,1,0,1,True
9085,3,1,2,False
9089,1,0,1,True
9094,2,1,1,False
9097,1,1,0,True
9098,1,1,0,True
9099,1,0,1,True
9101,1,0,1,True
9103,1,0,1,True
9104,1,1,0,True
9106,1,0,1,True
9107,1,0,1,True
9108,2,1,1,False
9110,1,0,1,True
9111,1,0,1,True
9112,1,0,1,True
9114,1,1,0,True
9115,1,0,1,True
9116,1,1,0,True
9118,2,2,0,True
9119,1,0,1,True
9120,1,0,1,True
9122,1,0,1,True
9124,1,0,1,True
9125,2,2,0,True
9126,1,1,0,True
9127,1,0,1,True
9128,2,0,2,True
9129,1,0,1,True
9130,1,1,0,True
9131,2,1,1,False
9132,2,0,2,True
9134,1,0,1,True
9136,1,0,1,True
9137,1,0,1,True
9139,1,0,1,True
9140,1,1,0,True
9141,1,1,0,True
9142,1,0,1,True
9144,1,0,1,True
9145,1,0,1,True
9148,1,0,1,True
9149,2,1,1,False
9150,1,0,1,True
9151,1,1,0,True
9152,1,1,0,True
9156,1,1,0,True
9157,7,4,3,False
9158,1,1,0,True
9159,1,1,0,True
9160,1,0,1,True
9161,2,1,1,False
9163,1,1,0,True
9164,1,0,1,True
9165,1,0,1,True
9167,1,0,1,True
9168,2,1,1,False
9169,1,1,0,True
9170,1,0,1,True
9172,1,0,1,True
9173,1,0,1,True
9174,1,1,0,True
9175,1,1,0,True
9176,1,1,0,True
9178,1,0,1,True
9179,4,2,2,False
9180,1,0,1,True
9181,1,1,0,True
9183,1,0,1,True
9184,1,0,1,True
9185,1,1,0,True
9186,1,1,0,True
9188,1,0,1,True
9189,1,0,1,True
9190,1,1,0,True
9192,1,1,0,True
9193,1,0,1,True
9194,2,0,2,True
9195,2,2,0,True
9196,3,2,1,False
9197,4,2,2,False
9199,1,1,0,True
9201,1,1,0,True
9202,1,0,1,True
9203,1,1,0,True
9205,3,3,0,True
9208,2,1,1,False
9211,1,0,1,True
9213,1,1,0,True
9217,1,1,0,True
9218,1,1,0,True
9219,2,1,1,False
9220,3,2,1,False
9221,1,0,1,True
9222,1,1,0,True
9224,1,0,1,True
9225,1,0,1,True
9226,1,0,1,True
9227,5,3,2,False
9230,1,1,0,True
9231,3,2,1,False
9233,1,1,0,True
9234,1,0,1,True
9235,1,1,0,True
9237,1,0,1,True
9239,1,0,1,True
9241,1,0,1,True
9242,1,1,0,True
9244,1,1,0,True
9246,1,1,0,True
9247,1,0,1,True
9248,1,1,0,True
9250,1,1,0,True
9251,1,1,0,True
9252,2,2,0,True
9253,1,1,0,True
9254,1,0,1,True
9256,1,1,0,True
9257,1,0,1,True
9259,1,1,0,True
9261,1,0,1,True
9264,1,1,0,True
9267,2,2,0,True
9268,1,1,0,True
9270,1,1,0,True
9272,2,1,1,False
9274,1,1,0,True
9275,3,2,1,False
9276,1,0,1,True
9278,1,0,1,True
9279,1,1,0,True
9280,2,1,1,False
