Surname,UniqueTransported,TransportedCount,TotalPeople,UniqueGroups,AllSameTransported,NotTransportedCount
Acobson,2,1,4,2,False,3
Acobsond,2,1,3,3,False,2
Adavisons,2,4,9,5,False,5
Adkinson,1,0,3,3,True,3
Admingried,2,3,4,1,False,1
Ageurante,1,1,1,1,True,0
Aginge,1,1,1,1,True,0
Ailled,2,1,2,1,False,1
Aillyber,2,2,3,3,False,1
Aiming,1,1,1,1,True,0
Ainatint,1,3,3,2,True,0
Aindlylid,1,0,2,1,True,2
Ainserfle,2,7,11,5,False,4
Airdring,1,0,1,1,True,1
Aivering,2,1,2,1,False,1
Alaring,2,5,7,4,False,2
Alaxed,2,1,2,2,False,1
Alberts,2,2,6,4,False,4
Alcemblery,1,0,5,4,True,5
Alenat,2,1,3,2,False,2
Alenter,2,3,6,4,False,3
Alentonway,2,2,6,4,False,4
Alest,1,0,3,3,True,3
Alfordonard,1,0,6,5,True,6
Alindiveng,1,3,3,2,True,0
Alldson,2,3,7,7,False,4
Aloubtled,2,3,5,3,False,2
Alshipson,2,3,4,4,False,1
Alvasquez,2,3,7,4,False,4
Alvercal,1,1,1,1,True,0
Alvesssidy,1,1,1,1,True,0
Ambleetive,1,6,6,5,True,0
Ambleeve,1,1,1,1,True,0
Amblereld,2,1,2,2,False,1
Ametic,1,6,6,3,True,0
Amincrerus,2,1,3,3,False,2
Amonsmane,2,1,2,2,False,1
Amonysidle,1,1,1,1,True,0
Amoutake,2,1,2,1,False,1
Amsive,1,1,1,1,True,0
Amspring,1,1,1,1,True,0
Anake,1,0,1,1,True,1
Anche,2,1,2,2,False,1
Ancontaked,1,1,1,1,True,0
Ancy,2,3,5,4,False,2
Andackson,2,2,3,3,False,1
Anderking,2,1,2,1,False,1
Andley,1,2,2,2,True,0
Ane,1,0,1,1,True,1
Aneetle,2,2,3,3,False,1
Aneter,1,1,1,1,True,0
Anindery,1,1,1,1,True,0
Anpie,2,3,6,4,False,3
Antcal,1,2,2,1,True,0
Anthompson,2,4,7,7,False,3
Anthon,1,2,2,2,True,0
Antoshipson,2,3,4,4,False,1
Apeau,2,2,4,3,False,2
Apedishaft,1,0,1,1,True,1
Apenelexy,2,2,4,2,False,2
Apie,2,3,8,4,False,5
Appie,1,2,2,1,True,0
Apple,1,0,2,2,True,2
Arible,2,4,7,2,False,3
Armstromez,1,0,4,4,True,4
Arner,2,3,6,4,False,3
Arneras,1,1,1,1,True,0
Aroodint,2,4,5,4,False,1
Arterate,1,0,1,1,True,1
Ashipeck,2,2,3,3,False,1
Ashipson,1,0,1,1,True,1
Asivetfuel,1,1,1,1,True,0
Asolipery,1,0,3,2,True,3
Asoppor,2,2,3,2,False,1
Assibler,2,2,4,2,False,2
Asticit,2,2,3,2,False,1
Atkinney,1,0,1,1,True,1
Ausivetpul,2,1,3,2,False,2
Avidson,2,2,4,4,False,2
Avisley,2,1,2,2,False,1
Avisnydes,2,3,5,3,False,2
Axlentindy,2,1,3,1,False,2
Ayalazquez,1,0,3,3,True,3
Babre,1,1,1,1,True,0
Bache,2,3,5,3,False,2
Baciffhaut,2,1,2,1,False,1
Bacistion,1,4,4,2,True,0
Backe,2,2,3,3,False,1
Bagetvable,1,0,2,2,True,2
Bagint,1,1,1,1,True,0
Bailes,2,2,3,3,False,1
Bairdford,2,3,4,4,False,1
Bairdyork,2,1,3,3,False,2
Bake,2,4,5,3,False,1
Bakericks,2,1,6,6,False,5
Bakerrison,2,2,6,4,False,4
Bakerson,2,2,7,5,False,5
Baketton,2,1,5,5,False,4
Baldens,1,0,1,1,True,1
Balderts,2,3,7,5,False,4
Baldson,2,1,6,3,False,5
Baleful,2,1,4,3,False,3
Balightal,2,2,3,2,False,1
Balle,1,1,1,1,True,0
Ballexy,2,1,2,1,False,1
Balley,2,1,5,5,False,4
Ballocks,2,2,6,4,False,4
Ban,2,1,3,3,False,2
Bancy,2,1,4,3,False,3
Bane,2,2,6,4,False,4
Banie,2,1,2,2,False,1
Bara,1,0,1,1,True,1
Barberts,1,1,1,1,True,0
Barbes,2,10,13,6,False,3
Bardina,2,3,5,5,False,2
Bardinard,2,3,9,7,False,6
Bardsey,2,2,4,4,False,2
Bardson,2,2,4,3,False,2
Barkeretton,2,2,4,4,False,2
Barks,2,1,3,3,False,2
Barles,1,0,1,1,True,1
Barmant,2,2,3,3,False,1
Barne,2,2,4,3,False,2
Barnolaney,2,5,6,4,False,1
Barnoldeney,2,3,5,5,False,2
Barnolderg,2,1,3,1,False,2
Barrelliver,2,2,5,5,False,3
Barrez,1,1,1,1,True,0
Barrilloney,2,2,4,3,False,2
Barris,2,3,5,5,False,2
Barrison,1,2,2,2,True,0
Bart,1,0,3,2,True,3
Barte,2,2,3,2,False,1
Bartez,2,3,7,5,False,4
Bartines,2,3,8,5,False,5
Bartins,1,1,1,1,True,0
Bate,2,3,8,5,False,5
Batestonley,2,4,7,7,False,3
Batte,2,1,2,2,False,1
Batthewitt,1,0,1,1,True,1
Bau,2,5,6,4,False,1
Baxters,1,0,1,1,True,1
Baxterson,2,1,2,2,False,1
Beachez,1,0,7,6,True,7
Beake,1,1,1,1,True,0
Bealvewd,2,3,4,4,False,1
Beangley,1,3,3,3,True,0
Bears,1,0,2,2,True,2
Beasleyes,1,0,4,4,True,4
Beckeetter,2,4,5,3,False,1
Beckeey,2,4,9,5,False,5
Beckerson,2,1,5,5,False,4
Bedectical,1,1,1,1,True,0
Beling,1,1,1,1,True,0
Bellarkerd,2,1,5,4,False,4
Belley,2,6,11,7,False,5
Bellyonsley,1,0,2,2,True,2
Belstrut,2,5,6,3,False,1
Benderez,2,1,4,4,False,3
Benney,2,4,7,6,False,3
Bensley,1,0,1,1,True,1
Berges,2,2,5,5,False,3
Berle,2,2,6,4,False,4
Berreranks,1,0,5,4,True,5
Bert,2,1,4,3,False,3
Berte,2,3,4,3,False,1
Bertiz,1,0,2,2,True,2
Bertsontry,2,3,4,4,False,1
Beston,2,2,5,5,False,3
Betie,1,4,4,2,True,0
Bette,1,0,1,1,True,1
Bewarsecal,1,2,2,2,True,0
Biba,2,1,2,2,False,1
Bine,2,7,9,3,False,2
Binie,2,2,3,2,False,1
Birds,1,0,2,2,True,2
Birt,2,6,10,6,False,4
Birte,2,1,3,3,False,2
Bla,1,1,1,1,True,0
Blace,2,2,3,3,False,1
Blacks,2,3,7,6,False,4
Blainson,1,0,3,3,True,3
Blake,1,1,1,1,True,0
Blan,2,1,5,5,False,4
Blancoy,2,2,7,4,False,5
Blandez,2,4,5,5,False,1
Blane,2,2,5,5,False,3
Blange,2,2,4,4,False,2
Blangibson,2,2,3,3,False,1
Blanglison,2,2,5,5,False,3
Blanspe,2,1,2,2,False,1
Blate,2,1,4,2,False,3
Ble,2,5,8,6,False,3
Blees,1,1,1,1,True,0
Bleling,2,1,2,1,False,1
Blentrary,1,1,1,1,True,0
Blercat,1,1,1,1,True,0
Blie,2,2,3,2,False,1
Blité,1,1,1,1,True,0
Boderbint,2,4,5,3,False,1
Boltertley,1,0,2,2,True,2
Boltond,2,1,5,5,False,4
Boltund,2,5,9,4,False,4
Bonder,2,1,2,2,False,1
Bonnondry,2,1,9,2,False,8
Bookerson,2,3,8,7,False,5
Bookson,1,2,2,2,True,0
Bookst,1,0,2,1,True,2
Booneid,2,6,10,5,False,4
Booness,2,1,3,3,False,2
Booters,2,1,4,4,False,3
Bootez,1,0,6,4,True,6
Bootious,2,1,2,2,False,1
Bootty,2,2,4,3,False,2
Bost,1,0,4,3,True,4
Boste,2,1,2,2,False,1
Bota,1,1,1,1,True,0
Botie,2,1,2,2,False,1
Botte,2,1,2,1,False,1
Bowenasey,2,2,3,3,False,1
Bowerson,1,0,1,1,True,1
Boyers,2,4,6,3,False,2
Boyerson,1,1,1,1,True,0
Boyersons,2,2,4,4,False,2
Boyst,1,0,3,3,True,3
Bra,1,3,3,3,True,0
Bradamss,2,1,5,5,False,4
Bradiary,2,2,4,2,False,2
Bradissive,2,1,2,1,False,1
Bradlerson,2,3,8,8,False,5
Brailidy,2,3,4,3,False,1
Brakebarne,2,1,2,1,False,1
Brakeded,1,2,2,2,True,0
Brakeng,1,6,6,2,True,0
Brakepined,1,4,4,2,True,0
Brakeril,1,2,2,2,True,0
Braned,2,2,4,3,False,2
Brantcable,2,2,3,2,False,1
Brantuarez,2,1,7,5,False,6
Brathful,2,4,6,4,False,2
Braymon,2,4,10,4,False,6
Brazo,1,0,2,2,True,2
Bre,1,3,3,3,True,0
Breke,1,0,3,2,True,3
Brele,2,5,6,2,False,1
Brenney,2,2,7,6,False,5
Brensonsen,1,0,1,1,True,1
Brie,1,2,2,2,True,0
Briggins,2,3,8,8,False,5
Briggston,2,4,13,6,False,9
Brightez,2,2,8,8,False,6
Brighttt,2,2,6,5,False,4
Brin,2,1,4,4,False,3
Brine,2,3,5,2,False,2
Briouse,2,2,3,2,False,1
Brity,2,3,6,3,False,3
Brooke,1,0,2,2,True,2
Brookenson,1,0,3,3,True,3
Brooker,2,2,3,2,False,1
Brookes,1,0,3,3,True,3
Browlerson,2,9,14,8,False,5
Brownings,2,2,3,3,False,1
Brownson,1,1,1,1,True,0
Brugashed,1,1,1,1,True,0
Bruthydre,2,2,5,2,False,3
Bryangton,2,1,2,2,False,1
Bryants,2,3,5,5,False,2
Buchansen,2,3,5,4,False,2
Buche,2,4,7,6,False,3
Buckeelez,1,0,3,3,True,3
Buckeenez,1,0,3,2,True,3
Buckentry,2,4,11,6,False,7
Bucklandez,2,3,5,3,False,2
Buckleinson,2,3,5,4,False,2
Bucknersony,2,1,5,5,False,4
Buckson,2,2,3,3,False,1
Buko,1,1,1,1,True,0
Bullerson,1,0,1,1,True,1
Bulliamoses,2,2,4,4,False,2
Bullisey,2,2,3,3,False,1
Bun,2,4,6,6,False,2
Buncy,2,1,3,3,False,2
Burcaling,1,0,1,1,True,1
Burchanez,2,2,5,5,False,3
Burchard,1,0,4,4,True,4
Burchrison,2,5,9,5,False,4
Burie,2,1,2,2,False,1
Burker,1,3,3,2,True,0
Burksson,2,2,4,3,False,2
Burle,2,2,4,2,False,2
Burnerez,2,1,3,3,False,2
Burnewman,2,1,5,3,False,4
Burraymons,2,2,4,2,False,2
Burrilllins,1,0,2,2,True,2
Burry,1,2,2,2,True,0
Burryerson,2,2,3,3,False,1
Burta,1,0,3,2,True,3
Burte,1,1,1,1,True,0
Burtiz,2,1,3,3,False,2
Bush,1,0,1,1,True,1
Bushafford,1,0,2,2,True,2
Bushallert,2,2,6,6,False,4
Bushins,1,0,4,3,True,4
Busive,2,4,5,3,False,1
Buth,1,0,3,3,True,3
Buthe,1,0,2,2,True,2
Butte,2,1,5,5,False,4
Butty,2,1,2,2,False,1
Byerry,2,3,6,5,False,3
Byerson,2,1,3,3,False,2
Byerton,2,2,3,3,False,1
Cabraseed,1,0,1,1,True,1
Cabrewsond,1,0,1,1,True,1
Caineson,2,1,2,1,False,1
Cainghannon,2,1,5,5,False,4
Cake,1,0,1,1,True,1
Cakie,1,3,3,2,True,0
Cako,2,1,5,3,False,4
Calazy,2,3,4,4,False,1
Calhounez,1,0,1,1,True,1
Calian,1,2,2,2,True,0
Caljoiry,1,0,1,1,True,1
Callower,1,1,1,1,True,0
Callowery,2,3,6,6,False,3
Caltilter,1,1,1,1,True,0
Calved,1,1,1,1,True,0
Camerrison,1,0,5,4,True,5
Cames,2,2,3,3,False,1
Caming,1,0,1,1,True,1
Campson,2,3,5,4,False,2
Can,2,1,2,1,False,1
Canie,2,1,3,3,False,2
Canields,2,1,3,2,False,2
Canton,2,1,3,3,False,2
Capplid,1,3,3,2,True,0
Cardner,2,5,10,10,False,5
Cardners,2,4,8,5,False,4
Cardsay,2,2,4,3,False,2
Carezquez,2,2,5,4,False,3
Carlsonney,2,2,6,4,False,4
Carpennels,2,3,8,5,False,5
Carpentley,2,3,7,3,False,4
Carreralend,2,3,6,4,False,3
Carrishley,2,3,7,6,False,4
Carsoning,2,2,4,4,False,2
Cart,2,1,3,1,False,2
Carterson,2,3,5,4,False,2
Cartez,2,7,14,7,False,7
Cartiz,2,3,7,5,False,4
Cartyernan,2,3,8,4,False,5
Cartz,2,3,8,5,False,5
Carté,1,5,5,2,True,0
Carverson,2,2,3,3,False,1
Carvis,2,2,5,5,False,3
Casentry,1,0,2,2,True,2
Casez,2,2,5,3,False,3
Casonston,2,7,18,7,False,11
Cassiding,2,1,4,2,False,3
Castannison,2,5,9,6,False,4
Castery,2,2,3,2,False,1
Castron,2,3,5,4,False,2
Casty,2,3,5,3,False,2
Cathome,1,0,1,1,True,1
Catimod,1,0,1,1,True,1
Cattle,2,2,3,2,False,1
Cattyried,2,4,6,4,False,2
Cha,1,2,2,2,True,0
Chaellerty,2,3,5,4,False,2
Chake,2,1,3,2,False,2
Chanan,2,5,11,9,False,6
Chanash,2,2,5,5,False,3
Chapmaney,1,5,5,4,True,0
Chardsonnon,2,1,2,2,False,1
Chardsons,2,1,4,4,False,3
Chardst,2,1,3,3,False,2
Charpelaney,2,2,5,5,False,3
Charryerry,2,1,2,2,False,1
Chasey,2,1,2,2,False,1
Chate,2,1,5,4,False,4
Chavezalez,2,3,8,6,False,5
Chcak,2,1,3,3,False,2
Che,2,4,5,3,False,1
Cheen,2,2,4,3,False,2
Chen,1,0,1,1,True,1
Chene,2,1,2,2,False,1
Chenson,2,1,2,2,False,1
Ches,2,2,5,4,False,3
Chhaft,2,2,3,1,False,1
Chica,1,0,1,1,True,1
Chiff,2,2,3,1,False,1
Chité,2,2,5,3,False,3
Chmad,2,3,4,3,False,1
Chman,2,1,6,3,False,5
Chnik,1,1,1,1,True,0
Chocaters,2,4,6,2,False,2
Chort,2,2,4,4,False,2
Chpeng,1,1,1,1,True,0
Chpie,2,2,5,3,False,3
Chrie,2,2,3,2,False,1
Chroeders,1,0,1,1,True,1
Chsere,2,3,5,3,False,2
Chuble,2,4,5,3,False,1
Cientteng,1,1,1,1,True,0
Ciplanke,2,1,2,1,False,1
Cisorter,1,2,2,2,True,0
Cla,2,3,6,4,False,3
Clake,2,3,5,4,False,2
Clarty,2,1,2,2,False,1
Clayson,1,0,2,2,True,2
Cle,1,1,1,1,True,0
Cleachrand,2,3,7,4,False,4
Clean,1,0,3,2,True,3
Cleang,2,1,6,3,False,5
Cleman,2,1,3,3,False,2
Cleminglas,2,5,6,6,False,1
Clemondsey,2,6,11,3,False,5
Clidly,1,2,2,2,True,0
Clinantones,2,2,3,2,False,1
Clinarfork,2,3,4,3,False,1
Clindy,1,2,2,2,True,0
Clugeadry,2,1,2,2,False,1
Clugeammy,1,0,2,2,True,2
Clugete,2,7,11,2,False,4
Clughted,1,1,1,1,True,0
Clugnobse,1,1,1,1,True,0
Cluitty,1,0,1,1,True,1
Clumshangs,2,4,6,3,False,2
Clumsty,1,3,3,1,True,0
Clunic,1,3,3,3,True,0
Clutcheed,1,1,1,1,True,0
Clutchor,2,1,2,1,False,1
Cluted,1,0,2,2,True,2
Cluthosexy,1,0,1,1,True,1
Clutolded,1,2,2,2,True,0
Coarswing,1,1,1,1,True,0
Cobson,1,0,1,1,True,1
Cochrisons,2,3,7,5,False,4
Cofferson,2,5,11,7,False,6
Coffmaney,1,0,3,3,True,3
Coflé,2,1,4,3,False,3
Cohendright,2,1,2,2,False,1
Coictrazy,1,1,1,1,True,0
Coillery,1,0,1,1,True,1
Cola,2,2,3,1,False,1
Colensid,2,3,5,1,False,2
Coley,1,0,3,3,True,3
Coleyanglas,2,2,3,3,False,1
Colle,2,1,2,2,False,1
Colleruces,2,1,2,2,False,1
Collinson,1,3,3,3,True,0
Colomonson,2,1,3,3,False,2
Colte,2,1,4,2,False,3
Combson,2,2,4,4,False,2
Comessic,1,1,1,1,True,0
Conable,2,3,4,2,False,1
Conablese,1,1,1,1,True,0
Conachets,2,1,2,2,False,1
Conale,1,2,2,1,True,0
Conaly,1,1,1,1,True,0
Conamminal,1,0,1,1,True,1
Conate,1,2,2,2,True,0
Conca,2,2,3,3,False,1
Concy,2,1,4,3,False,3
Cone,2,5,6,4,False,1
Conie,2,5,7,4,False,2
Coning,2,2,5,2,False,3
Coniple,2,2,3,3,False,1
Conleydenan,2,1,2,2,False,1
Connelson,2,1,4,4,False,3
Conney,2,1,5,3,False,4
Connon,1,6,6,4,True,0
Contery,2,3,4,2,False,1
Contrevins,2,1,5,5,False,4
Cookentaney,1,1,1,1,True,0
Cooki,2,2,3,3,False,1
Cooks,2,2,5,3,False,3
Cookson,2,3,7,6,False,4
Coolerson,2,4,11,7,False,7
Coolez,2,2,6,5,False,4
Coopelandez,2,2,6,4,False,4
Cooperkins,2,2,7,5,False,5
Coopezmaney,2,3,5,5,False,2
Corie,2,3,4,2,False,1
Corman,2,2,5,5,False,3
Cort,1,1,1,1,True,0
Corte,2,1,2,2,False,1
Cotik,1,1,1,1,True,0
Cotte,1,0,2,2,True,2
Coudered,2,2,4,4,False,2
Coune,2,2,3,2,False,1
Couresteer,1,3,3,2,True,0
Couseced,2,2,3,3,False,1
Cousel,2,2,5,4,False,3
Coustive,1,1,1,1,True,0
Covale,1,1,1,1,True,0
Covetive,2,4,6,4,False,2
Coweboded,2,4,7,4,False,3
Cowsearney,2,1,2,2,False,1
Cowtale,1,2,2,2,True,0
Coxterez,2,1,5,4,False,4
Cracionfic,2,1,2,1,False,1
Craftstens,1,0,1,1,True,1
Craing,1,1,1,1,True,0
Crakenecal,2,2,3,2,False,1
Crakete,2,4,6,3,False,2
Craleve,2,3,5,3,False,2
Cralinal,2,1,3,2,False,2
Crantiale,2,1,3,3,False,2
Cratrave,2,1,3,2,False,2
Crayeson,1,0,4,4,True,4
Cre,2,5,7,4,False,2
Cread,2,1,3,2,False,2
Creke,2,2,4,2,False,2
Crelaxle,1,0,2,1,True,2
Cres,2,2,5,4,False,3
Crie,1,2,2,2,True,0
Crioncery,1,0,1,1,True,1
Crité,2,6,11,5,False,5
Crosarios,1,1,1,1,True,0
Crosbornes,2,1,4,4,False,3
Crueld,2,3,4,3,False,1
Cruzaley,1,0,4,4,True,4
Cry,1,0,3,2,True,3
Cuche,2,1,5,3,False,4
Cumpting,1,2,2,1,True,0
Cuplial,1,0,2,2,True,2
Cure,2,3,4,4,False,1
Curie,2,2,3,3,False,1
Curle,2,2,7,5,False,5
Currisones,2,3,7,6,False,4
Curry,1,0,1,1,True,1
Curte,2,1,3,2,False,2
Curton,2,2,4,4,False,2
Cusa,2,4,5,4,False,1
Cylistrand,1,0,2,2,True,2
Dake,2,1,2,1,False,1
Dal,2,4,10,6,False,6
Dan,2,1,4,4,False,3
Danad,1,0,1,1,True,1
Danielps,1,3,3,3,True,0
Date,2,1,2,2,False,1
Datie,1,4,4,2,True,0
Dato,2,1,2,2,False,1
Datte,2,2,4,3,False,2
Datty,2,2,3,3,False,1
Daughessey,2,2,4,4,False,2
Daughtson,1,0,2,2,True,2
Daughttley,2,4,7,4,False,3
Davens,2,2,3,2,False,1
Daviddley,2,3,5,4,False,2
Davispinoz,2,1,2,2,False,1
Dawsoncis,2,1,3,2,False,2
Dayers,2,4,5,4,False,1
Deckerson,2,2,7,6,False,5
Deckley,2,3,4,3,False,1
Dectory,1,3,3,3,True,0
Dedentive,1,0,2,1,True,2
Dedinder,1,1,1,1,True,0
Dedometeel,2,3,8,4,False,5
Deeke,2,3,5,2,False,2
Delangleton,2,1,3,2,False,2
Delazarson,2,3,6,5,False,3
Delez,1,0,2,2,True,2
Demansty,1,2,2,1,True,0
Denashipson,2,2,3,2,False,1
Depie,1,0,2,2,True,2
Derry,2,4,5,4,False,1
Derte,1,1,1,1,True,0
Dertering,1,1,1,1,True,0
Derterval,2,1,2,1,False,1
Dervalt,1,0,1,1,True,1
Deryplinet,1,1,1,1,True,0
Deva,2,4,5,2,False,1
Diabysid,2,1,4,2,False,3
Dianket,2,3,5,3,False,2
Diateous,1,6,6,4,True,0
Diazarez,1,0,1,1,True,1
Dicely,2,4,6,3,False,2
Dickley,2,3,6,6,False,3
Dickman,2,1,4,2,False,3
Dicksons,2,2,6,5,False,4
Dicomeng,1,1,1,1,True,0
Dightent,2,3,6,2,False,3
Dillestron,2,1,5,3,False,4
Dillines,2,1,3,3,False,2
Dillips,2,2,6,6,False,4
Dindeng,1,1,1,1,True,0
Dingauge,2,1,2,2,False,1
Dinger,1,2,2,1,True,0
Dinsprody,2,4,5,2,False,1
Diouselt,2,4,5,1,False,1
Dischod,2,3,4,3,False,1
Discuous,1,1,1,1,True,0
Disgul,2,4,5,3,False,1
Dishearly,2,1,2,2,False,1
Disheract,2,2,4,2,False,2
Dishocatal,2,4,5,3,False,1
Disight,1,2,2,2,True,0
Disivering,2,3,7,3,False,4
Dissper,2,1,4,4,False,3
Disteady,1,0,1,1,True,1
Dister,1,5,5,2,True,0
Distured,2,6,13,4,False,7
Dombsoney,1,1,1,1,True,0
Domington,2,14,15,5,False,1
Dompreced,2,1,2,1,False,1
Donotaked,1,2,2,1,True,0
Donson,2,2,3,3,False,1
Doorge,1,1,1,1,True,0
Dorsenry,2,1,2,2,False,1
Dotsondez,2,1,3,3,False,2
Doughan,2,1,4,2,False,3
Douglasen,2,5,7,5,False,2
Drakeekss,2,7,9,8,False,2
Dratembid,2,3,7,5,False,4
Drayfulery,1,1,1,1,True,0
Dreamspric,1,2,2,2,True,0
Drelcate,1,5,5,4,True,0
Dressink,1,3,3,2,True,0
Drivery,2,1,2,2,False,1
Droning,2,3,4,3,False,1
Duckil,2,1,3,1,False,2
Duffmaney,2,1,3,2,False,2
Dukertyler,2,3,4,3,False,1
Dun,1,0,1,1,True,1
Duncy,1,0,1,1,True,1
Dunnisey,2,1,4,3,False,3
Duranks,2,2,3,1,False,1
Dutte,2,4,5,4,False,1
Dutty,2,2,3,3,False,1
Dyers,2,1,4,3,False,3
Dynatic,1,1,1,1,True,0
Dynigic,2,1,3,2,False,2
Earmeter,1,0,2,2,True,2
Ecart,2,1,2,2,False,1
Ecate,1,1,1,1,True,0
Eccle,1,0,1,1,True,1
Ecre,1,1,1,1,True,0
Edwartizman,2,1,4,4,False,3
Efulows,1,1,1,1,True,0
Eguing,2,2,3,3,False,1
Ellahan,2,3,8,7,False,5
Ellcefulve,2,1,2,2,False,1
Ellson,2,6,7,3,False,1
Embleng,1,2,2,1,True,0
Emead,2,1,8,7,False,7
Emenez,2,3,6,5,False,3
Emetillove,2,2,5,3,False,3
Emone,2,1,4,4,False,3
Emoted,1,1,1,1,True,0
Empie,2,2,5,2,False,3
Eneurordry,1,0,1,1,True,1
Englas,1,1,1,1,True,0
Englence,2,2,6,5,False,4
Ennalve,2,4,6,3,False,2
Entedraved,1,2,2,1,True,0
Entenedy,1,2,2,1,True,0
Entratable,1,0,3,2,True,3
Erflé,2,1,3,2,False,2
Ericksonga,2,1,3,2,False,2
Erle,2,5,6,4,False,1
Erpie,1,0,3,3,True,3
Erry,1,3,3,3,True,0
Erte,1,3,3,2,True,0
Esseal,2,1,2,2,False,1
Estein,1,1,1,1,True,0
Estevesters,1,0,1,1,True,1
Estiagosen,2,3,5,5,False,2
Estron,2,2,5,5,False,3
Evedorsen,1,0,3,3,True,3
Ewins,2,1,3,3,False,2
Ewisentley,2,1,4,4,False,3
Ewiseston,2,4,9,5,False,5
Excialing,2,6,7,4,False,1
Excionging,1,0,1,1,True,1
Exhaft,2,1,3,1,False,2
Exhaftearm,1,1,1,1,True,0
Exible,1,0,1,1,True,1
Exibuctich,1,3,3,2,True,0
Exnutch,2,1,2,1,False,1
Exnutchor,1,1,1,1,True,0
Fache,1,5,5,3,True,0
Facke,2,2,4,3,False,2
Facle,2,2,3,3,False,1
Fairdised,2,1,2,1,False,1
Fanbox,1,1,1,1,True,0
Fanchy,1,0,2,2,True,2
Fandomatty,1,1,1,1,True,0
Fanseld,2,3,4,2,False,1
Fansty,2,1,2,1,False,1
Farleyatton,2,2,7,6,False,5
Farmonrada,2,2,5,3,False,3
Farrez,2,1,3,3,False,2
Farrowns,1,0,1,1,True,1
Fatchanble,1,1,1,1,True,0
Fate,1,0,3,2,True,3
Fatte,2,1,2,2,False,1
Fatted,1,2,2,2,True,0
Fawnsive,2,2,4,4,False,2
Femoused,2,1,3,3,False,2
Fictful,2,3,4,2,False,1
Fielsenders,2,1,5,5,False,4
Fielson,2,2,6,6,False,4
Figuez,2,1,5,5,False,4
Fiha,2,3,5,3,False,2
Filerst,1,0,1,1,True,1
Fincy,1,3,3,3,True,0
Fine,1,0,1,1,True,1
Fisheparks,2,3,5,5,False,2
Fisherry,2,1,2,2,False,1
Fishopper,2,1,5,5,False,4
Fisty,2,4,6,3,False,2
Fisun,2,1,2,2,False,1
Fitzgerson,2,1,6,6,False,5
Fla,2,7,11,6,False,4
Flaie,1,0,2,2,True,2
Flake,1,0,1,1,True,1
Flart,1,0,1,1,True,1
Flate,2,4,7,5,False,3
Flatic,1,3,3,1,True,0
Fle,2,1,3,2,False,2
Flell,2,5,8,3,False,3
Flemaney,2,3,9,8,False,6
Fles,1,0,2,1,True,2
Flesping,1,2,2,2,True,0
Fliblerolt,1,3,3,2,True,0
Flie,1,0,3,2,True,3
Flité,2,3,7,5,False,4
Floaf,2,2,4,3,False,2
Flourbent,1,1,1,1,True,0
Floways,2,1,4,4,False,3
Flowensley,2,4,8,8,False,4
Floydendley,2,4,5,4,False,1
Flyncharlan,1,2,2,2,True,0
Flynner,2,3,5,4,False,2
Flynney,2,1,3,3,False,2
Flynnis,2,2,4,4,False,2
Flé,2,1,4,3,False,3
Foledges,2,3,4,4,False,1
Folemonley,2,2,4,4,False,2
Folhal,2,3,7,5,False,4
Folkshbox,1,0,1,1,True,1
Foller,1,0,1,1,True,1
Folumorly,2,5,7,2,False,2
Fone,2,5,10,4,False,5
Fonie,2,1,2,2,False,1
Foraud,2,5,7,5,False,2
Fordulgaug,1,5,5,3,True,0
Forne,2,2,3,2,False,1
Forous,2,2,3,2,False,1
Fort,1,1,1,1,True,0
Fouseding,1,2,2,1,True,0
Fowlaney,2,2,4,4,False,2
Fowles,1,5,5,4,True,0
Fowlesterez,2,6,12,7,False,6
Foxter,2,3,9,8,False,6
Frablerly,2,1,2,1,False,1
Frakepeed,1,2,2,1,True,0
Fralledic,2,3,5,2,False,2
Franankson,1,3,3,3,True,0
Franchaney,2,1,2,2,False,1
Francock,2,2,3,3,False,1
Frandriquez,1,0,2,2,True,2
Franey,2,2,3,3,False,1
Franton,2,3,7,7,False,4
Frasp,2,3,7,6,False,4
Frattyring,2,5,6,1,False,1
Frazie,2,2,5,3,False,3
Frazo,2,2,3,2,False,1
Freder,1,2,2,2,True,0
Frederry,1,0,1,1,True,1
Fredersend,2,1,3,3,False,2
Freednal,1,3,3,3,True,0
Freevenson,1,0,4,4,True,4
Freptic,1,0,1,1,True,1
Frie,1,1,1,1,True,0
Fringearty,1,1,1,1,True,0
Fringh,2,1,4,2,False,3
Frintful,1,0,1,1,True,1
Frité,2,1,2,2,False,1
Frogauded,1,0,1,1,True,1
Frolestty,2,3,4,3,False,1
Fruidy,1,3,3,1,True,0
Fryan,2,4,8,6,False,4
Fryersonis,2,5,11,7,False,6
Fryes,2,1,2,2,False,1
Fuelddid,1,1,1,1,True,0
Fuelightic,1,0,2,1,True,2
Fueling,2,1,5,2,False,4
Fuelisent,2,3,5,4,False,2
Fuenterson,1,0,1,1,True,1
Fuenton,1,1,1,1,True,0
Fuentryoung,2,1,2,2,False,1
Fulacid,1,1,1,1,True,0
Fulatorly,2,2,4,2,False,2
Fulazy,1,0,1,1,True,1
Fuleng,1,0,1,1,True,1
Fullided,1,1,1,1,True,0
Fullous,1,2,2,1,True,0
Fulloydez,2,6,14,7,False,8
Fulous,1,0,1,1,True,1
Fultz,2,2,5,4,False,3
Fushausive,1,4,4,3,True,0
Fusimodent,1,3,3,2,True,0
Gainebergan,2,3,10,10,False,7
Gaineyerson,2,2,5,5,False,3
Gaington,2,1,5,5,False,4
Gainney,2,5,12,9,False,7
Gallandez,2,1,3,3,False,2
Gallard,2,4,8,5,False,4
Gallencis,2,2,6,6,False,4
Gallenry,2,3,7,5,False,4
Galoquid,1,1,1,1,True,0
Gamberson,2,3,4,4,False,1
Gambs,2,2,4,3,False,2
Garden,2,4,7,6,False,3
Gardonadox,2,1,4,3,False,3
Gardsondez,2,3,5,4,False,2
Garnes,2,5,14,7,False,9
Garnettiz,2,2,5,4,False,3
Garrincent,2,4,5,5,False,1
Garzaley,2,1,4,4,False,3
Geadle,1,1,1,1,True,0
Geakerat,2,3,4,2,False,1
Gealably,2,2,3,3,False,1
Gealloyalt,2,4,5,3,False,1
Gealter,2,1,2,2,False,1
Gearitte,1,1,1,1,True,0
Geatenth,1,0,2,1,True,2
Gecre,1,0,1,1,True,1
Gele,2,3,4,3,False,1
Gelie,1,1,1,1,True,0
Gelle,2,1,3,3,False,2
Gelte,2,2,4,3,False,2
Gemoserad,1,1,1,1,True,0
Gen,2,2,3,1,False,1
Gency,1,1,1,1,True,0
Gene,2,3,8,7,False,5
Geneltic,1,4,4,4,True,0
Gented,1,1,1,1,True,0
Gentledges,2,1,3,3,False,2
Genuild,1,1,1,1,True,0
Geoconne,1,3,3,2,True,0
Georgasey,2,7,12,8,False,5
Geousker,1,0,1,1,True,1
Geousty,1,0,3,1,True,3
Gepie,1,1,1,1,True,0
Geraing,2,3,5,4,False,2
Gerin,1,0,2,2,True,2
Gerry,1,0,1,1,True,1
Giba,2,2,4,4,False,2
Gibbsonton,2,5,13,6,False,8
Gilesonston,2,2,4,4,False,2
Giller,2,2,3,3,False,1
Gilleranks,1,0,5,5,True,5
Gilleyons,2,4,8,5,False,4
Gillock,1,1,1,1,True,0
Gin,2,4,5,4,False,1
Gine,1,4,4,2,True,0
Gleroling,1,3,3,1,True,0
Glisormal,1,2,2,1,True,0
Glogry,1,0,1,1,True,1
Gloother,1,5,5,2,True,0
Glousspidy,1,1,1,1,True,0
Gloyanthy,2,3,4,4,False,1
Gocent,2,5,6,4,False,1
Goffey,2,2,6,2,False,4
Goldendrice,2,2,4,3,False,2
Gonzaley,1,1,1,1,True,0
Goods,1,0,1,1,True,1
Goodson,2,2,3,3,False,1
Goody,1,0,2,2,True,2
Gooki,1,1,1,1,True,0
Goortedant,2,1,2,2,False,1
Gordanieves,2,3,7,7,False,4
Gordond,2,3,6,5,False,3
Gouldensen,2,3,11,5,False,8
Graciansus,2,1,2,1,False,1
Grahangory,2,2,5,5,False,3
Graie,2,2,4,3,False,2
Graneyes,1,0,2,2,True,2
Gre,2,1,2,1,False,1
Gread,2,2,5,4,False,3
Grean,2,6,7,4,False,1
Greded,1,1,1,1,True,0
Greenez,2,2,3,2,False,1
Greeves,2,1,6,6,False,5
Gregordy,2,1,4,4,False,3
Grentual,2,1,2,2,False,1
Gres,1,0,1,1,True,1
Griffince,1,5,5,4,True,0
Grifford,2,2,4,4,False,2
Griffy,2,2,4,3,False,2
Groforacid,1,0,1,1,True,1
Guerson,2,5,11,9,False,6
Guezaley,2,1,5,5,False,4
Guieroolow,1,2,2,2,True,0
Gulcepusy,2,3,4,3,False,1
Guloofant,1,0,1,1,True,1
Gulthler,2,1,2,2,False,1
Hac,2,2,3,3,False,1
Hacle,2,3,5,3,False,2
Haftent,1,2,2,1,True,0
Haftical,1,2,2,2,True,0
Hahnstoneal,2,3,6,4,False,3
Hahnstonsen,2,5,7,7,False,2
Hake,2,1,4,2,False,3
Hales,1,0,2,2,True,2
Halexandez,1,1,1,1,True,0
Hallahaney,1,0,3,3,True,3
Hamberterry,2,1,5,5,False,4
Hamcmahon,2,3,6,4,False,3
Hammons,2,1,3,3,False,2
Hammonton,2,4,7,6,False,3
Handertiz,2,2,8,6,False,6
Hanghanson,2,1,5,2,False,4
Hanner,2,2,12,6,False,10
Hapie,2,4,8,5,False,4
Hardley,1,0,3,3,True,3
Hardonald,2,3,4,2,False,1
Hardson,1,0,2,2,True,2
Hardsonerry,2,1,3,2,False,2
Hariourcal,1,1,1,1,True,0
Harley,2,2,4,4,False,2
Harmond,2,1,3,3,False,2
Harmontry,2,3,4,4,False,1
Harperez,2,1,2,2,False,1
Harrenoldez,1,0,3,3,True,3
Harry,2,2,5,5,False,3
Hart,2,1,3,3,False,2
Harta,2,1,3,2,False,2
Harte,1,0,2,2,True,2
Hartley,1,1,1,1,True,0
Hartz,2,1,2,2,False,1
Harverez,2,3,7,3,False,4
Haste,1,0,2,1,True,2
Haydenez,1,2,2,2,True,0
Haydenzier,2,8,10,7,False,2
Hayder,2,2,6,6,False,4
Hayersents,1,0,2,2,True,2
Hayerson,1,0,5,5,True,5
Hayertez,2,2,4,3,False,2
Haynard,2,4,6,5,False,2
Haynardy,2,3,4,4,False,1
Headardyer,1,4,4,4,True,0
Headfair,1,0,3,2,True,3
Headmish,1,0,1,1,True,1
Healist,1,1,1,1,True,0
Healted,2,2,5,4,False,3
Heateele,1,1,1,1,True,0
Hebernandry,2,1,4,4,False,3
Hednigic,2,3,8,4,False,5
Heedry,1,2,2,2,True,0
Heermy,1,0,4,3,True,4
Heeroling,2,1,4,3,False,3
Hendrewsons,2,2,4,4,False,2
Hendrys,2,3,5,5,False,2
Heney,1,0,2,2,True,2
Heracker,1,1,1,1,True,0
Hermanapp,2,2,5,5,False,3
Hermane,1,2,2,2,True,0
Herpumble,2,2,3,2,False,1
Herreras,2,1,6,5,False,5
Herry,1,0,2,2,True,2
Hersons,2,2,6,5,False,4
Hervel,2,1,3,2,False,2
Hessey,2,3,4,4,False,1
Hestes,2,1,8,7,False,7
Hetforhaft,2,4,6,3,False,2
Hewson,2,4,7,4,False,3
Hickerson,2,1,4,3,False,3
Hickett,2,4,6,5,False,2
Hickley,2,1,4,4,False,3
Hickson,2,2,5,5,False,3
Hiebox,1,1,1,1,True,0
Higast,1,1,1,1,True,0
Hinesh,2,1,6,4,False,5
Hinetthews,2,4,7,5,False,3
Hineyley,2,1,4,4,False,3
Hinglendez,2,8,13,7,False,5
Hobbinson,2,2,4,2,False,2
Hodes,2,5,7,5,False,2
Hodgesss,2,1,3,1,False,2
Hoffergess,2,2,4,3,False,2
Holatirint,1,5,5,2,True,0
Holcompson,2,2,6,6,False,4
Holcompton,1,0,1,1,True,1
Holiabler,2,2,3,2,False,1
Holliams,2,2,4,2,False,2
Holsen,1,2,2,1,True,0
Holson,1,0,4,4,True,4
Holton,1,0,2,2,True,2
Hometerval,2,2,3,2,False,1
Homin,2,4,6,4,False,2
Honatte,2,3,6,2,False,3
Honchoe,2,1,2,1,False,1
Hontichre,2,1,6,3,False,5
Hoodgers,2,1,6,6,False,5
Hoodjuded,2,1,3,2,False,2
Hooff,1,0,1,1,True,1
Hooperez,2,1,2,2,False,1
Hoopez,2,2,4,4,False,2
Hoorbaring,1,0,2,1,True,2
Hoorherve,2,3,5,2,False,2
Hopez,2,2,6,6,False,4
Hopperett,1,1,1,1,True,0
Hoppernardy,2,2,6,6,False,4
Hoppers,2,3,9,6,False,6
Horbox,1,0,1,1,True,1
Horndley,2,3,6,5,False,3
Horners,2,3,4,4,False,1
Hornettoney,2,4,6,5,False,2
Horte,1,0,6,6,True,6
Hortez,2,1,3,2,False,2
Horthy,2,1,3,3,False,2
Hortis,2,2,6,6,False,4
Hotte,2,3,4,2,False,1
Hotty,1,1,1,1,True,0
Houseson,1,0,3,3,True,3
Howayery,2,1,3,3,False,2
Howence,1,0,1,1,True,1
Howenters,2,2,3,3,False,1
Hubbarnett,2,1,2,2,False,1
Hubbarrison,2,4,9,7,False,5
Hubbarton,2,3,8,5,False,5
Hubert,1,0,2,2,True,2
Huffy,2,1,2,2,False,1
Hughriend,2,1,7,7,False,6
Hultz,2,2,3,3,False,1
Humphreyes,2,3,4,4,False,1
Hunterton,2,1,2,2,False,1
Huntt,2,1,2,2,False,1
Hurchanney,2,1,6,6,False,5
Hurchez,2,1,8,8,False,7
Hurchrisong,2,3,5,4,False,2
Hurles,2,4,6,4,False,2
Hutchinton,2,2,4,3,False,2
Ica,2,2,3,3,False,1
Icablebat,1,1,1,1,True,0
Icake,1,0,1,1,True,1
Iccle,2,1,2,2,False,1
Idalpus,1,1,1,1,True,0
Idercaling,2,1,4,2,False,3
Iderinelay,1,0,1,1,True,1
Idivent,1,2,2,1,True,0
Idlatchse,1,0,1,1,True,1
Ightive,1,1,1,1,True,0
Igmable,1,2,2,2,True,0
Imingle,2,2,3,1,False,1
Imotive,1,1,1,1,True,0
Imparmle,2,1,2,1,False,1
Imprank,2,2,3,3,False,1
Impress,2,1,3,2,False,2
Improus,2,3,4,1,False,1
Inderad,2,1,2,1,False,1
Inderly,1,0,2,2,True,2
Ineded,2,2,3,1,False,1
Ineedeve,2,7,8,2,False,1
Inesely,1,2,2,1,True,0
Ineysive,1,2,2,1,True,0
Ingalt,1,1,1,1,True,0
Ingascomet,1,4,4,2,True,0
Ingent,2,3,4,3,False,1
Ingetrody,1,0,1,1,True,1
Inghtal,2,5,7,5,False,2
Inghting,1,3,3,1,True,0
Inging,1,1,1,1,True,0
Ingston,2,5,11,8,False,6
Ington,1,0,2,2,True,2
Inguel,1,0,1,1,True,1
Ingwhed,2,4,5,4,False,1
Inicont,1,3,3,2,True,0
Iniouser,2,3,4,4,False,1
Inkcablel,1,0,1,1,True,1
Invebodene,2,6,8,4,False,2
Irintious,1,3,3,2,True,0
Irived,2,1,2,1,False,1
Irwines,1,0,4,4,True,4
Irwinson,1,0,1,1,True,1
Jacobbinson,2,2,3,3,False,1
Jacostaffey,2,3,7,6,False,4
Jacostaney,2,3,9,9,False,6
Jacostanley,1,1,1,1,True,0
Jacostarks,2,3,4,4,False,1
Jaf,1,2,2,2,True,0
Jaff,2,1,4,3,False,3
Jaflé,2,2,3,3,False,1
Jamad,1,2,2,2,True,0
Jamai,2,6,8,5,False,2
Jarvey,2,4,6,6,False,2
Jeffey,1,0,5,3,True,5
Jenkinnedy,2,2,4,2,False,2
Jenningley,2,1,2,2,False,1
Jenson,2,7,11,5,False,4
Jimes,2,2,4,4,False,2
Johnsby,2,2,6,6,False,4
Johnshines,2,2,6,6,False,4
Johnsondez,2,1,4,3,False,3
Jorden,2,1,7,4,False,6
Josesh,2,1,3,3,False,2
Josey,2,3,10,7,False,7
Joycerton,2,6,8,8,False,2
Joyneidez,2,2,4,4,False,2
Joynewtonks,2,1,3,3,False,2
Juartis,1,0,2,2,True,2
Kad,2,2,3,2,False,1
Kake,1,0,1,1,True,1
Kaney,1,3,3,3,True,0
Kart,2,3,6,4,False,3
Karte,2,1,2,1,False,1
Kashe,2,2,6,5,False,4
Katte,2,6,7,4,False,1
Kaufmaneyes,1,0,2,2,True,2
Keen,1,1,1,1,True,0
Keithunts,2,3,4,4,False,1
Kellson,2,3,4,4,False,1
Kellynn,2,2,4,3,False,2
Kellyons,2,4,6,6,False,2
Kennetty,2,2,4,3,False,2
Kenzierry,1,0,2,2,True,2
Kepie,1,0,2,2,True,2
Kerrealds,1,2,2,2,True,0
Kerristicey,2,4,7,5,False,3
Kha,1,1,1,1,True,0
Khaf,2,3,4,4,False,1
Khake,2,2,3,1,False,1
Khart,1,2,2,2,True,0
Kiddley,2,2,5,5,False,3
Kidie,2,1,2,1,False,1
Kidne,2,1,4,2,False,3
Kie,2,1,2,2,False,1
Kiling,2,8,11,3,False,3
Kill,1,1,1,1,True,0
Killé,1,3,3,3,True,0
Kimons,2,2,7,7,False,5
Kimpson,2,2,3,3,False,1
Kin,2,1,3,2,False,2
Kinad,2,2,4,4,False,2
Kine,1,0,2,2,True,2
Kinie,2,1,2,2,False,1
Kinson,2,2,5,4,False,3
Kirklander,2,2,4,3,False,2
Kirks,2,2,6,6,False,4
Kité,2,1,4,4,False,3
Klindsayer,1,4,4,4,True,0
Klindsey,2,5,6,6,False,1
Klinson,2,1,3,3,False,2
Knie,1,1,1,1,True,0
Knik,2,5,7,3,False,2
Knike,2,2,6,5,False,4
Knité,1,1,1,1,True,0
Kniva,2,1,2,2,False,1
Knocke,1,2,2,1,True,0
Knoxonway,2,1,5,2,False,4
Knoxtones,2,2,3,3,False,1
Kochroeders,2,1,2,2,False,1
Kra,2,5,6,4,False,1
Kraie,2,2,5,3,False,3
Krake,2,2,4,2,False,2
Kramorry,1,0,5,2,True,5
Kramosley,2,2,8,6,False,6
Krampbelles,1,2,2,2,True,0
Kuche,1,0,1,1,True,1
Laai,2,1,2,1,False,1
Lacke,2,2,5,4,False,3
Lake,1,3,3,2,True,0
Lamberguson,2,1,3,3,False,2
Lambles,2,3,6,6,False,3
Lambleyoun,2,5,7,4,False,2
Lambucketty,2,2,3,3,False,1
Lancis,2,1,2,2,False,1
Lancock,1,0,2,2,True,2
Landolphrey,2,1,3,3,False,2
Langatein,2,1,2,2,False,1
Lanks,1,0,3,3,True,3
Lansuffle,2,4,5,1,False,1
Lapie,2,1,3,1,False,2
Lardsonald,2,2,4,4,False,2
Lardy,1,3,3,3,True,0
Larks,2,2,3,2,False,1
Larlowelley,2,1,2,2,False,1
Late,1,0,2,2,True,2
Laturive,1,1,1,1,True,0
Leblanchez,2,2,4,4,False,2
Leetersoney,2,1,3,3,False,2
Leeves,2,2,6,3,False,4
Lendly,1,3,3,2,True,0
Leodger,1,0,5,5,True,5
Leonadorsen,1,0,2,2,True,2
Leonaldez,1,0,4,4,True,4
Leonzaley,2,4,7,5,False,3
Lepie,2,1,2,1,False,1
Lerez,2,3,6,6,False,3
Leson,1,0,2,2,True,2
Lessonerry,1,1,1,1,True,0
Leste,2,5,6,3,False,1
Letie,2,2,3,1,False,1
Leton,1,1,1,1,True,0
Lette,1,0,2,1,True,2
Letty,1,0,3,2,True,3
Lewinez,2,3,5,5,False,2
Lewinton,2,1,2,2,False,1
Lewintos,2,2,5,5,False,3
Lisholtery,1,2,2,2,True,0
Listive,2,6,8,4,False,2
Litthews,2,4,15,6,False,11
Llobsoney,2,3,7,6,False,4
Llonovancis,1,0,2,2,True,2
Llovers,2,3,4,2,False,1
Logannon,2,2,5,5,False,3
Lopelases,2,4,10,7,False,6
Loring,1,1,1,1,True,0
Loverceson,2,2,5,3,False,3
Loverthyo,2,5,6,4,False,1
Loway,2,2,12,10,False,10
Lowelliott,2,5,9,4,False,4
Lowerrudy,2,1,2,2,False,1
Lunapperts,2,4,7,5,False,3
Lynnerett,2,6,8,5,False,2
Macdonadows,1,0,2,2,True,2
Mad,2,1,2,2,False,1
Madan,2,2,3,3,False,1
Maging,1,1,1,1,True,0
Maglible,1,1,1,1,True,0
Maie,1,0,1,1,True,1
Make,2,4,8,4,False,4
Maldon,1,0,2,1,True,2
Mallerez,2,1,6,5,False,5
Malliamsey,2,2,6,4,False,4
Mallisly,2,3,5,2,False,2
Man,1,1,1,1,True,0
Manda,1,3,3,2,True,0
Mander,2,3,4,3,False,1
Mandez,1,0,1,1,True,1
Mane,2,3,4,3,False,1
Manie,2,4,5,3,False,1
Mare,2,2,5,3,False,3
Marshopper,2,1,3,2,False,2
Marson,1,2,2,2,True,0
Masquez,2,3,4,4,False,1
Mathison,2,3,4,4,False,1
Matimple,1,1,1,1,True,0
Matoltuble,2,3,5,3,False,2
Matts,2,1,9,5,False,8
Maxled,2,1,4,1,False,3
Mayder,1,0,4,4,True,4
Maynardner,1,0,7,6,True,7
Mayods,2,4,9,4,False,5
Mayson,2,1,5,5,False,4
Maystuarey,2,3,4,4,False,1
Mcbriddley,1,0,8,5,True,8
Mcbriggins,2,2,4,2,False,2
Mcbriguez,1,1,1,1,True,0
Mcbritts,2,2,3,3,False,1
Mccard,2,1,2,2,False,1
Mccarry,2,2,5,5,False,3
Mccarveymon,2,2,7,6,False,5
Mcclayton,2,2,3,3,False,1
Mcculley,1,0,2,2,True,2
Mcdanield,2,2,6,6,False,4
Mcdon,1,1,1,1,True,0
Mcdowns,2,1,4,4,False,3
Mcfaddennon,2,2,6,4,False,4
Mcfaddenson,2,2,4,4,False,2
Mcfaddoxter,2,1,4,2,False,3
Mcfarley,2,1,5,5,False,4
Mcfarleys,1,0,2,2,True,2
Mcfarmerson,1,0,2,2,True,2
Mcgoway,2,3,6,6,False,3
Mcgowaymond,2,1,3,3,False,2
Mcguirez,2,1,5,5,False,4
Mcinton,2,2,7,6,False,5
Mcintons,2,1,3,3,False,2
Mckinn,2,3,8,7,False,5
Mckins,2,1,2,2,False,1
Mckinsond,2,9,10,7,False,1
Mclainez,2,4,6,4,False,2
Mclardson,2,5,10,6,False,5
Mclarseney,2,3,6,4,False,3
Mcleandez,2,1,2,2,False,1
Mcleaney,2,1,4,4,False,3
Mcmahoney,2,2,4,4,False,2
Mcneiderson,2,2,3,3,False,1
Mcneiley,2,1,6,6,False,5
Mcphernard,2,4,7,7,False,3
Meadoney,2,2,3,3,False,1
Meake,2,6,10,6,False,4
Meate,2,3,4,4,False,1
Meau,2,1,2,2,False,1
Medington,2,1,3,2,False,2
Mejiaddox,2,2,6,6,False,4
Mejiamsey,1,0,1,1,True,1
Mejiarkerox,2,2,3,3,False,1
Mele,2,2,5,2,False,3
Meleon,2,2,5,5,False,3
Melez,2,2,3,3,False,1
Melie,2,1,3,3,False,2
Mellé,2,1,2,2,False,1
Melte,1,2,2,2,True,0
Melto,1,1,1,1,True,0
Meltoney,1,2,2,2,True,0
Meltonway,2,2,3,3,False,1
Ments,2,1,3,3,False,2
Mepie,2,2,4,3,False,2
Meplel,1,1,1,1,True,0
Merce,2,4,7,6,False,3
Merie,2,2,3,3,False,1
Merkins,2,3,7,6,False,4
Meroliss,1,1,1,1,True,0
Merrelliss,2,1,2,2,False,1
Merte,2,2,6,5,False,4
Mesty,2,1,3,2,False,2
Meteet,2,3,4,1,False,1
Metful,1,0,1,1,True,1
Metiveal,1,0,3,2,True,3
Meyersones,2,2,7,7,False,5
Meyerthy,2,1,3,2,False,2
Mickersones,2,1,2,2,False,1
Micknightt,2,1,4,3,False,3
Midtt,2,4,5,5,False,1
Miley,1,0,2,2,True,2
Mille,2,7,9,5,False,2
Milton,1,0,4,4,True,4
Miltongson,1,0,5,4,True,5
Min,2,3,5,3,False,2
Mine,1,1,1,1,True,0
Minen,2,4,10,3,False,6
Mingious,1,1,1,1,True,0
Miranciash,1,0,3,2,True,3
Mirandry,2,1,5,5,False,4
Mirez,2,1,6,4,False,5
Mirezavis,2,6,8,8,False,2
Mirinanty,2,3,4,4,False,1
Mish,1,3,3,3,True,0
Missefle,1,3,3,1,True,0
Miste,1,1,1,1,True,0
Mith,1,0,1,1,True,1
Mitte,1,1,1,1,True,0
Mity,1,4,4,4,True,0
Modent,2,3,4,1,False,1
Modomel,1,1,1,1,True,0
Mondalley,1,0,2,2,True,2
Mondsey,2,1,4,4,False,3
Mone,2,2,4,3,False,2
Monfulewss,1,0,1,1,True,1
Monie,1,1,1,1,True,0
Monpreery,2,1,2,1,False,1
Monrad,1,1,1,1,True,0
Monroellynn,2,5,9,5,False,4
Monsintic,1,1,1,1,True,0
Monsoney,2,2,3,3,False,1
Moodman,2,3,13,8,False,10
Moodmandez,2,2,3,3,False,1
Moodsey,2,9,10,9,False,1
Moodson,2,3,6,5,False,3
Moongton,2,3,5,5,False,2
Moorez,2,1,4,2,False,3
Moraleney,2,1,2,2,False,1
Morandry,2,2,3,3,False,1
Moranthons,2,2,3,2,False,1
Morelly,2,5,11,5,False,6
Moreman,2,4,6,6,False,2
Morez,2,3,4,3,False,1
Morgerson,2,1,5,2,False,4
Mormonized,2,4,5,2,False,1
Mornaned,1,0,2,1,True,2
Morrencis,2,2,6,5,False,4
Morrodgers,2,2,4,4,False,2
Morrows,2,2,5,5,False,3
Morsentley,2,2,4,3,False,2
Mosepherry,2,3,4,3,False,1
Mostedry,2,3,4,3,False,1
Mosteraked,2,7,11,6,False,4
Motive,1,2,2,2,True,0
Motled,2,2,4,3,False,2
Motter,2,1,2,1,False,1
Mullericer,2,1,4,4,False,3
Mulley,1,0,3,3,True,3
Mullon,2,1,2,2,False,1
Munozaley,2,2,4,2,False,2
Munozanson,2,2,6,3,False,4
Mushe,2,1,3,3,False,2
Muspereed,1,0,2,2,True,2
Must,2,4,6,4,False,2
Muste,1,0,1,1,True,1
Myling,2,8,9,5,False,1
Nache,1,0,2,2,True,2
Nacke,2,3,6,3,False,3
Nad,1,0,3,2,True,3
Nairconed,1,1,1,1,True,0
Nake,1,3,3,2,True,0
Nalanet,2,4,6,2,False,2
Namsheary,2,2,4,3,False,2
Nan,2,2,8,4,False,6
Nane,1,0,1,1,True,1
Nanie,2,2,4,4,False,2
Nasquez,2,1,5,4,False,4
Nate,2,2,4,4,False,2
Nateansive,2,3,4,3,False,1
Navages,2,5,10,5,False,5
Neceriont,2,1,3,3,False,2
Netshaless,2,3,5,1,False,2
Newtontoss,2,1,4,4,False,3
Nguerrettye,2,1,2,2,False,1
Nichaner,2,3,4,3,False,1
Nichoan,2,2,8,5,False,6
Nieldson,2,1,3,2,False,2
Nieldsond,1,0,4,2,True,4
Nifficaus,2,1,2,1,False,1
Nobleyes,1,0,1,1,True,1
Noelan,1,0,3,3,True,3
Noeley,1,0,3,3,True,3
Nolds,2,4,6,6,False,2
Norrison,2,1,5,5,False,4
Norry,1,0,2,2,True,2
Noxiong,1,2,2,2,True,0
Noxnuther,2,1,3,3,False,2
Nutca,1,4,4,2,True,0
Nuthe,2,1,2,2,False,1
Nutte,2,5,6,3,False,1
Nutty,2,1,4,3,False,3
Obeaded,2,1,3,3,False,2
Obedaming,2,2,3,2,False,1
Objeciane,2,4,5,3,False,1
Obnoble,1,2,2,2,True,0
Obnoftle,2,2,3,2,False,1
Obsentork,1,0,2,1,True,2
Ocherman,2,2,4,4,False,2
Oconley,2,3,7,7,False,4
Oderient,1,0,2,2,True,2
Officled,1,0,1,1,True,1
Ofracculy,1,0,1,1,True,1
Oidederval,1,3,3,2,True,0
Oillepint,2,2,3,2,False,1
Oillicaly,1,1,1,1,True,0
Oilloody,2,2,4,3,False,2
Oilpfulle,2,1,2,2,False,1
Oilpuring,2,1,2,2,False,1
Oinded,1,1,1,1,True,0
Oingwhedly,1,1,1,1,True,0
Oirmplathy,1,1,1,1,True,0
Olivasquez,2,1,5,3,False,4
Olshaffey,2,2,4,4,False,2
Onbre,1,3,3,1,True,0
Oncy,2,1,2,2,False,1
One,2,1,2,2,False,1
Oneidson,2,1,3,3,False,2
Oneiles,2,6,16,7,False,10
Onell,1,0,1,1,True,1
Onpie,2,1,2,1,False,1
Openduave,2,7,10,4,False,3
Opie,2,1,2,2,False,1
Opité,1,2,2,1,True,0
Oppont,1,3,3,2,True,0
Oppressive,2,1,2,1,False,1
Opshaft,2,4,5,4,False,1
Opshoent,1,0,1,1,True,1
Opshosent,1,1,1,1,True,0
Optionful,2,1,2,1,False,1
Ormler,1,1,1,1,True,0
Ortinericey,1,0,1,1,True,1
Ourcul,1,1,1,1,True,0
Ousious,2,8,11,4,False,3
Owerson,2,3,6,4,False,3
Owery,1,3,3,3,True,0
Pabler,1,0,2,1,True,2
Pacerty,2,2,5,5,False,3
Pacticious,1,1,1,1,True,0
Pagedy,2,1,2,2,False,1
Pager,2,2,5,4,False,3
Paie,2,4,6,3,False,2
Palmes,2,2,5,3,False,3
Pamca,1,0,3,3,True,3
Panad,2,1,3,3,False,2
Pane,2,2,4,3,False,2
Panie,2,3,5,3,False,2
Panspic,1,1,1,1,True,0
Parbage,2,1,4,3,False,3
Parbleake,2,1,2,1,False,1
Pare,2,4,5,2,False,1
Parklaney,1,0,3,3,True,3
Parrett,1,0,3,3,True,3
Parsoney,2,2,5,5,False,3
Part,2,2,4,4,False,2
Parta,2,1,3,3,False,2
Parte,1,0,1,1,True,1
Parté,2,2,3,3,False,1
Parymider,2,1,3,2,False,2
Pasharne,2,3,4,1,False,1
Pashe,1,0,1,1,True,1
Paska,2,2,4,4,False,2
Paste,1,0,2,2,True,2
Paterpad,1,1,1,1,True,0
Patimonne,2,2,3,2,False,1
Patoetic,1,4,4,3,True,0
Patrichane,2,2,6,6,False,4
Patteraley,2,2,4,4,False,2
Patthews,2,4,8,8,False,4
Paulllegory,1,0,4,3,True,4
Paynard,2,1,4,4,False,3
Pead,2,3,5,4,False,2
Peake,2,1,3,3,False,2
Peane,2,2,3,1,False,1
Pearsalason,2,1,4,4,False,3
Peate,1,1,1,1,True,0
Peckers,2,2,3,3,False,1
Peckerson,2,3,6,6,False,3
Pecketton,2,1,3,3,False,2
Peducting,2,1,2,1,False,1
Pelie,1,1,1,1,True,0
Pelte,1,3,3,2,True,0
Penashley,1,0,1,1,True,1
Pentical,2,1,2,2,False,1
Pentss,2,3,7,7,False,4
Pepie,2,5,8,2,False,3
Perable,2,3,4,3,False,1
Perie,2,3,5,3,False,2
Perkings,1,0,1,1,True,1
Perkinson,1,0,1,1,True,1
Perle,2,3,4,3,False,1
Pernard,1,0,2,2,True,2
Perne,2,1,2,2,False,1
Perneernal,1,0,3,1,True,3
Pernised,2,3,5,2,False,2
Perrerojass,1,0,2,2,True,2
Persed,2,2,3,2,False,1
Persoffly,1,1,1,1,True,0
Pert,2,3,4,4,False,1
Perta,2,2,4,3,False,2
Perte,2,2,5,3,False,3
Perty,2,2,4,2,False,2
Peter,2,3,6,5,False,3
Peterive,1,0,1,1,True,1
Petermandez,2,1,3,3,False,2
Peterstarks,2,4,6,4,False,2
Petie,2,1,2,2,False,1
Pette,2,4,5,3,False,1
Petton,2,1,2,2,False,1
Pettyreeman,2,2,4,3,False,2
Philliames,2,1,4,4,False,3
Phillis,1,0,2,2,True,2
Philloway,2,2,4,2,False,2
Pickleve,2,1,3,2,False,2
Pie,2,2,3,2,False,1
Pien,1,0,1,1,True,1
Pierry,2,1,4,4,False,3
Pimne,2,2,8,6,False,6
Pine,2,2,7,4,False,5
Pinoffent,1,0,1,1,True,1
Pippoppere,1,0,1,1,True,1
Pirejus,2,7,11,4,False,4
Pittler,2,2,10,5,False,8
Pittson,2,4,6,3,False,2
Pité,1,0,3,2,True,3
Plaricit,1,3,3,2,True,0
Platch,2,5,9,5,False,4
Plattering,2,2,5,5,False,3
Ple,2,1,2,1,False,1
Pleele,2,2,3,2,False,1
Plegred,2,5,7,4,False,2
Poicaptic,1,2,2,2,True,0
Poille,1,1,1,1,True,0
Poilsive,1,0,1,1,True,1
Pokebox,1,1,1,1,True,0
Pokeck,1,2,2,1,True,0
Pokematic,2,1,2,2,False,1
Pokerheed,1,0,2,2,True,2
Poless,1,1,1,1,True,0
Polksy,2,1,2,1,False,1
Pollarkeeks,2,4,9,5,False,5
Polliamposs,2,4,7,7,False,3
Polloantes,2,1,2,2,False,1
Ponie,1,0,1,1,True,1
Pooles,2,2,7,7,False,5
Pooley,2,3,4,3,False,1
Popelacruz,2,2,4,4,False,2
Popelase,1,0,2,2,True,2
Popelazquez,2,2,5,4,False,3
Poperez,2,3,5,3,False,2
Popez,1,0,4,4,True,4
Porki,2,3,4,3,False,1
Porkilte,2,1,2,2,False,1
Port,1,0,2,2,True,2
Portananney,2,3,5,4,False,2
Porté,2,2,4,3,False,2
Poselfle,2,2,4,2,False,2
Pota,2,5,7,3,False,2
Potie,2,2,5,3,False,3
Potte,2,4,7,4,False,3
Potterry,2,2,5,4,False,3
Potters,2,3,9,7,False,6
Potthews,2,1,3,3,False,2
Pottley,1,2,2,2,True,0
Pottmanley,2,1,2,2,False,1
Pottney,2,2,4,3,False,2
Pottonalden,2,3,5,4,False,2
Poustive,2,3,4,2,False,1
Powenoble,2,2,5,3,False,3
Powery,2,3,10,8,False,7
Praded,2,3,5,2,False,2
Praugnox,2,3,5,3,False,2
Pre,2,1,5,3,False,4
Pread,2,4,10,8,False,6
Prearright,2,4,5,4,False,1
Preeldy,2,5,7,3,False,2
Preent,1,2,2,1,True,0
Prefule,2,4,8,4,False,4
Pressive,2,4,5,2,False,1
Presstic,2,3,5,3,False,2
Prestonard,2,4,7,3,False,3
Pretive,1,4,4,3,True,0
Pri,1,3,3,3,True,0
Prickmantes,1,0,5,5,True,5
Prie,1,6,6,3,True,0
Prieress,2,3,4,2,False,1
Prighty,1,3,3,1,True,0
Prin,2,2,5,3,False,3
Prine,2,2,3,2,False,1
Pringrous,2,2,4,1,False,2
Pringry,1,2,2,1,True,0
Prinson,2,1,5,4,False,4
Prist,1,0,2,2,True,2
Prity,2,4,7,5,False,3
Prité,2,3,4,4,False,1
Prombled,2,2,3,2,False,1
Pronfraked,2,2,3,2,False,1
Proorbeng,2,2,3,2,False,1
Prucerod,1,1,1,1,True,0
Puckenton,2,1,7,6,False,6
Puckley,2,1,5,5,False,4
Puff,1,0,1,1,True,1
Pughanders,2,4,5,5,False,1
Pugherman,2,2,4,4,False,2
Pughlinsons,2,2,4,3,False,2
Pulgaly,2,4,5,3,False,1
Pumbody,1,3,3,2,True,0
Pumpeshaft,2,1,3,2,False,2
Pure,1,2,2,2,True,0
Purellliss,2,3,4,3,False,1
Purie,1,1,1,1,True,0
Purle,2,5,6,4,False,1
Purte,2,2,5,4,False,3
Pusive,2,2,3,1,False,1
Quart,2,6,9,4,False,3
Queen,1,0,1,1,True,1
Queke,2,4,5,4,False,1
Queldry,1,2,2,2,True,0
Quelfly,2,3,5,3,False,2
Quidedbolt,1,3,3,2,True,0
Quinnedy,2,2,3,2,False,1
Quinnerettt,2,2,7,5,False,5
Quinnerry,1,0,3,3,True,3
Quith,1,1,1,1,True,0
Raca,1,2,2,1,True,0
Racke,2,1,2,2,False,1
Radisiouss,2,3,4,3,False,1
Raf,2,3,4,2,False,1
Rake,2,1,2,1,False,1
Ramad,2,4,8,5,False,4
Rames,2,1,4,4,False,3
Ramoran,1,0,3,3,True,3
Ranaly,2,1,2,2,False,1
Raney,2,2,3,3,False,1
Rapie,2,2,7,5,False,5
Rasmussony,2,2,3,3,False,1
Raste,2,3,6,4,False,3
Rasty,1,0,1,1,True,1
Ratorring,1,1,1,1,True,0
Razo,1,2,2,2,True,0
Read,1,1,1,1,True,0
Reake,2,2,3,3,False,1
Reate,2,1,2,2,False,1
Reau,1,0,1,1,True,1
Redand,2,1,2,1,False,1
Reedall,2,8,9,4,False,1
Reeddommy,2,5,7,5,False,2
Reedectied,1,2,2,2,True,0
Reelest,2,4,5,2,False,1
Reenez,2,3,7,4,False,4
Reenon,1,5,5,4,True,0
Reewerpic,2,1,2,1,False,1
Regmansidy,2,2,3,2,False,1
Reilline,2,1,2,2,False,1
Reke,2,1,8,3,False,7
Rekle,2,2,4,3,False,2
Reming,2,4,6,2,False,2
Rentruing,1,1,1,1,True,0
Repie,1,0,2,2,True,2
Replic,1,1,1,1,True,0
Replipent,1,1,1,1,True,0
Repumparte,2,2,3,2,False,1
Resendent,2,3,4,3,False,1
Reshory,2,1,2,2,False,1
Ressighty,1,1,1,1,True,0
Ressing,1,2,2,2,True,0
Resspeding,1,0,1,1,True,1
Reste,1,0,4,4,True,4
Resty,1,0,3,3,True,3
Retefule,2,3,4,3,False,1
Rewmid,2,1,4,2,False,3
Reyersendry,2,2,5,4,False,3
Reyerson,2,1,2,2,False,1
Reyervaney,1,4,4,3,True,0
Reynoldez,1,4,4,3,True,0
Rhuba,2,2,5,4,False,3
Rices,1,1,1,1,True,0
Ricete,1,0,1,1,True,1
Ricews,2,1,4,4,False,3
Richan,1,1,1,1,True,0
Ricklaney,1,0,2,2,True,2
Ricks,2,4,5,4,False,1
Rickson,2,1,2,2,False,1
Ricled,1,0,1,1,True,1
Rigginsen,2,5,9,6,False,4
Rigginson,1,0,2,2,True,2
Righturter,1,0,2,2,True,2
Rilley,2,6,10,4,False,4
Rimplighty,2,2,3,2,False,1
Rinicapead,2,2,3,3,False,1
Rivanseney,2,4,5,5,False,1
River,2,4,7,4,False,3
Roachez,2,3,5,3,False,2
Roachoanand,2,3,6,5,False,3
Robbson,1,0,1,1,True,1
Roberrenn,1,0,1,1,True,1
Robersondez,1,2,2,2,True,0
Robins,2,3,5,5,False,2
Robley,1,1,1,1,True,0
Rochan,1,0,1,1,True,1
Rochaserry,2,1,2,2,False,1
Rocholton,2,2,3,3,False,1
Rocketedy,1,0,1,1,True,1
Rocknight,2,2,8,7,False,6
Rodger,2,3,7,6,False,4
Rodricker,2,4,6,4,False,2
Rodwative,1,3,3,2,True,0
Roforhauge,1,3,3,2,True,0
Roftfuling,1,3,3,2,True,0
Romason,2,1,3,3,False,2
Romez,2,1,2,2,False,1
Ropie,2,3,6,3,False,3
Rosalanenn,1,0,3,3,True,3
Rosargas,1,0,1,1,True,1
Roses,2,2,8,5,False,6
Rossey,2,2,3,2,False,1
Rostarks,2,2,4,2,False,2
Rothewson,1,0,2,2,True,2
Rotter,2,1,4,2,False,3
Roureed,1,0,2,2,True,2
Roustorly,2,1,2,2,False,1
Roycentes,1,1,1,1,True,0
Ruica,1,2,2,2,True,0
Ruity,2,1,3,2,False,2
Ruité,2,2,3,3,False,1
Rupent,1,1,1,1,True,0
Rushing,2,1,2,2,False,1
Rushorney,1,0,3,3,True,3
Russelloyd,1,0,3,3,True,3
Russon,2,3,5,5,False,2
Rutler,2,1,3,3,False,2
Ryanga,2,2,4,4,False,2
Ryanglasey,2,2,3,3,False,1
Sache,2,2,5,4,False,3
Sacle,1,0,1,1,True,1
Sacre,2,2,3,3,False,1
Sacy,1,0,2,2,True,2
Sad,2,3,5,4,False,2
Saf,2,3,5,2,False,2
Sageng,2,7,10,4,False,3
Sake,1,2,2,2,True,0
Saley,2,1,6,5,False,5
Salez,1,0,4,4,True,4
Salin,2,1,2,2,False,1
Sames,1,1,1,1,True,0
Sancasey,2,2,9,8,False,7
Sancockett,1,0,4,4,True,4
Sandry,2,1,3,3,False,2
Sandul,1,2,2,2,True,0
Santantines,2,3,6,5,False,3
Santin,2,4,7,4,False,3
Santry,2,6,10,8,False,4
Santuez,1,0,1,1,True,1
Sarios,1,0,2,2,True,2
Saste,1,0,2,1,True,2
Sau,2,2,4,4,False,2
Saundez,2,1,4,4,False,3
Savaraldez,2,2,7,6,False,5
Sawyerson,2,4,7,5,False,3
Scake,2,2,5,2,False,3
Scerodbox,2,6,7,3,False,1
Sche,1,0,1,1,True,1
Scheron,1,0,4,4,True,4
Schmondez,2,1,5,5,False,4
Schwardson,2,2,7,5,False,5
Sciatberit,1,1,1,1,True,0
Scotterkins,2,3,5,5,False,2
Scottney,2,1,4,4,False,3
Scottuez,2,4,6,6,False,2
Scoudelle,2,5,8,5,False,3
Seadler,1,0,1,1,True,1
Seatearing,1,0,1,1,True,1
Sebleve,2,1,2,1,False,1
Secened,1,1,1,1,True,0
Sechausive,1,3,3,2,True,0
Seche,1,0,3,2,True,3
Secont,2,4,5,3,False,1
Sedece,1,3,3,2,True,0
Seen,2,2,4,4,False,2
Seflock,1,2,2,1,True,0
Sellahaney,2,1,7,7,False,6
Sellentry,1,0,5,3,True,5
Semageary,1,2,2,2,True,0
Semootor,1,0,1,1,True,1
Sempreate,2,4,5,1,False,1
Sempribly,1,0,3,2,True,3
Sepie,2,3,4,2,False,1
Sernator,2,1,2,1,False,1
Serraynardy,2,1,3,3,False,2
Serry,2,5,10,4,False,5
Sersocatic,1,2,2,1,True,0
Ses,2,3,6,6,False,3
Sesa,1,0,4,3,True,4
Sessiouse,1,1,1,1,True,0
Sextones,2,2,7,7,False,5
Sfin,2,4,6,3,False,2
Sha,1,1,1,1,True,0
Shake,1,0,1,1,True,1
Shawatson,1,0,1,1,True,1
Shawforden,2,2,3,2,False,1
Shbre,2,3,6,5,False,3
Shcad,1,1,1,1,True,0
She,1,1,1,1,True,0
Shephendery,1,2,2,2,True,0
Shephendry,2,1,6,6,False,5
Shermann,1,0,1,1,True,1
Shieldson,2,3,8,7,False,5
Shming,2,2,3,2,False,1
Shoeweely,2,1,3,3,False,2
Shpie,2,1,4,4,False,3
Shricatory,2,5,7,3,False,2
Shrie,2,2,4,3,False,2
Siccertful,1,2,2,1,True,0
Sidie,2,3,5,4,False,2
Sidne,2,2,3,2,False,1
Simmonders,2,3,5,5,False,2
Simonddler,1,0,1,1,True,1
Simonsents,2,1,3,3,False,2
Simonson,1,0,2,1,True,2
Simous,2,2,5,1,False,3
Simpsonks,2,5,7,5,False,2
Simsey,2,3,5,4,False,2
Simson,2,1,6,5,False,5
Simstravery,2,4,6,5,False,2
Sin,2,1,4,4,False,3
Sincy,2,1,2,2,False,1
Sinda,2,4,6,4,False,2
Sinecthex,1,1,1,1,True,0
Singlents,1,3,3,3,True,0
Singmage,1,3,3,3,True,0
Singtons,2,3,4,2,False,1
Sionerorly,1,1,1,1,True,0
Siveduced,2,1,2,1,False,1
Siviothy,1,1,1,1,True,0
Skenginne,1,0,1,1,True,1
Skessid,2,1,2,1,False,1
Slable,2,4,5,3,False,1
Slates,1,1,1,1,True,0
Slatessen,1,2,2,2,True,0
Slavested,1,4,4,2,True,0
Slomed,1,0,1,1,True,1
Slowatic,1,2,2,1,True,0
Sloweber,1,5,5,3,True,0
Smalloney,2,2,3,3,False,1
Smalls,1,1,1,1,True,0
Snoaf,1,2,2,2,True,0
Snoff,2,5,6,4,False,1
Snowaney,1,0,2,2,True,2
Sobvisted,2,1,2,2,False,1
Sofraten,2,4,5,3,False,1
Solinez,2,3,5,3,False,2
Solivers,2,1,3,3,False,2
Solon,2,2,7,7,False,5
Sometery,2,3,5,2,False,2
Sonofmory,1,0,1,1,True,1
Sophaft,1,1,1,1,True,0
Sopie,1,3,3,1,True,0
Sorbitter,2,4,6,4,False,2
Sorticbar,1,0,1,1,True,1
Sosalinson,2,2,3,2,False,1
Sosanturney,2,1,3,3,False,2
Sotond,2,1,2,2,False,1
Soun,2,1,2,2,False,1
Spadicage,1,3,3,2,True,0
Spandisket,2,5,8,3,False,3
Spane,2,1,2,1,False,1
Spanxibus,1,0,1,1,True,1
Sparsaxle,1,4,4,1,True,0
Spassive,1,0,1,1,True,1
Speating,1,0,2,1,True,2
Spedlinale,1,0,1,1,True,1
Spedlybood,2,3,4,3,False,1
Speedgear,1,1,1,1,True,0
Speery,1,1,1,1,True,0
Spencervan,2,2,6,5,False,4
Spentley,2,1,3,3,False,2
Sperap,1,1,1,1,True,0
Spien,2,5,6,3,False,1
Spirfuent,1,0,2,2,True,2
Spistory,2,3,4,3,False,1
Spoilling,2,3,4,2,False,1
Spopting,1,0,2,2,True,2
Spore,1,2,2,2,True,0
Sprender,2,5,7,3,False,2
Springht,1,2,2,1,True,0
Stacketent,1,2,2,1,True,0
Staf,2,2,4,3,False,2
Staffersby,1,0,3,3,True,3
Stake,1,1,1,1,True,0
Stanleyd,2,2,4,3,False,2
Stannondez,2,6,8,6,False,2
Stanters,1,0,1,1,True,1
Stantiagord,2,3,4,3,False,1
Starkers,2,1,4,4,False,3
Start,2,3,5,4,False,2
Statch,2,1,2,1,False,1
Stche,1,1,1,1,True,0
Ste,2,2,4,4,False,2
Stead,1,0,2,2,True,2
Steary,1,3,3,2,True,0
Steelerettt,1,0,2,2,True,2
Steeletters,2,3,6,6,False,3
Steen,1,1,1,1,True,0
Steinardson,2,4,8,5,False,4
Stelative,1,1,1,1,True,0
Stenson,2,1,2,2,False,1
Stephend,1,3,3,3,True,0
Stephendsey,2,2,7,6,False,5
Stering,1,1,1,1,True,0
Sterly,2,1,2,1,False,1
Sterreray,2,2,6,6,False,4
Stersetery,2,3,5,2,False,2
Sterson,2,3,5,5,False,2
Sterve,1,1,1,1,True,0
Stewder,1,4,4,2,True,0
Stichseary,1,0,1,1,True,1
Stie,2,1,2,1,False,1
Stik,1,0,2,2,True,2
Stike,1,0,6,6,True,6
Stingive,2,3,4,2,False,1
Stioutody,1,5,5,2,True,0
Stité,2,2,6,4,False,4
Stivelte,2,1,2,2,False,1
Stiven,2,2,3,2,False,1
Stiviorad,1,4,4,3,True,0
Stment,1,1,1,1,True,0
Stoile,1,0,1,1,True,1
Stpie,2,2,6,4,False,4
Stpingepid,2,4,5,2,False,1
Stracary,1,1,1,1,True,0
Strad,1,0,2,2,True,2
Stradick,2,2,3,2,False,1
Stranbeate,1,3,3,2,True,0
Stre,2,2,3,3,False,1
String,1,3,3,2,True,0
Strongers,2,3,7,6,False,4
Strony,1,2,2,2,True,0
Stroyledgez,2,3,4,3,False,1
Stubtlarle,1,1,1,1,True,0
Sturt,2,3,6,3,False,3
Sty,2,2,3,2,False,1
Sté,1,0,1,1,True,1
Suarging,1,3,3,3,True,0
Suasharic,2,2,6,3,False,4
Subateful,2,4,5,4,False,1
Subcap,1,1,1,1,True,0
Subwor,1,0,2,2,True,2
Sueke,2,2,4,2,False,2
Sulie,1,0,1,1,True,1
Sullones,2,3,7,5,False,4
Summington,2,3,6,4,False,3
Suncy,1,0,1,1,True,1
Sune,1,0,2,1,True,2
Sunlove,1,1,1,1,True,0
Supiensive,2,1,3,2,False,2
Supred,1,5,5,4,True,0
Supriouse,1,1,1,1,True,0
Suptibler,1,5,5,3,True,0
Suptive,1,2,2,2,True,0
Surind,1,2,2,1,True,0
Surry,2,1,2,2,False,1
Susent,2,3,6,4,False,3
Sutte,1,3,3,3,True,0
Sutty,1,0,1,1,True,1
Swanardy,2,4,7,5,False,3
Sweekstarks,2,2,7,4,False,5
Sweene,1,0,4,4,True,4
Sweenez,2,2,4,4,False,2
Sweeton,2,1,4,4,False,3
Sweett,2,4,8,6,False,4
Swell,1,0,1,1,True,1
Swin,2,1,5,5,False,4
Swingse,2,5,6,3,False,1
Swinvul,2,1,2,2,False,1
Swirring,2,1,3,1,False,2
Switmorary,2,1,2,2,False,1
Switud,1,3,3,2,True,0
Sykess,2,1,6,5,False,5
Syncepul,2,1,2,2,False,1
Sysilstict,2,5,10,2,False,5
Tabloory,1,0,2,1,True,2
Tachor,2,1,2,2,False,1
Tairbatic,2,2,3,3,False,1
Taketiatim,1,0,2,2,True,2
Talls,2,2,4,4,False,2
Taptiritty,1,4,4,2,True,0
Tashal,2,2,3,1,False,1
Teake,2,3,6,5,False,3
Tecre,1,0,1,1,True,1
Tepie,2,4,7,3,False,3
Terry,2,6,8,6,False,2
Tersimpson,2,3,8,6,False,5
Tersony,2,1,3,3,False,2
Tert,2,2,3,2,False,1
Tertchty,1,2,2,2,True,0
Terte,2,1,3,3,False,2
Thomason,2,3,5,4,False,2
Thony,2,3,7,5,False,4
Thonyderson,1,0,5,5,True,5
Thorney,2,5,8,6,False,3
Ticagent,2,1,2,2,False,1
Ticiay,1,0,1,1,True,1
Ticiontral,1,1,1,1,True,0
Tie,1,1,1,1,True,0
Timleplet,2,1,2,1,False,1
Tinganking,2,1,2,2,False,1
Tionstious,2,2,4,3,False,2
Tiouserful,1,0,1,1,True,1
Tirt,2,1,4,4,False,3
Tirte,2,2,3,2,False,1
Tité,2,2,5,5,False,3
Toddleton,2,3,8,5,False,5
Torrez,2,5,11,9,False,6
Tractive,1,6,6,3,True,0
Trad,2,1,3,3,False,2
Tradve,1,1,1,1,True,0
Traie,2,2,5,4,False,3
Traild,1,2,2,1,True,0
Trallect,1,1,1,1,True,0
Tramsor,1,3,3,2,True,0
Tranciams,2,4,10,6,False,6
Tranklinay,2,1,4,3,False,3
Trankliney,2,2,6,5,False,4
Trantermle,1,1,1,1,True,0
Trattle,1,4,4,2,True,0
Traverdy,2,5,7,5,False,2
Tre,1,1,1,1,True,0
Trerady,2,4,6,1,False,2
Tronsive,2,4,5,2,False,1
Trupistic,1,3,3,2,True,0
Tuckers,2,2,4,3,False,2
Turtertive,1,1,1,1,True,0
Unaasor,2,1,3,3,False,2
Unaring,2,1,2,2,False,1
Unative,2,1,3,2,False,2
Unciate,1,0,1,1,True,1
Uncionted,1,0,2,1,True,2
Unconary,2,1,2,2,False,1
Undrude,1,0,1,1,True,1
Unfile,2,1,2,2,False,1
Unhaftimle,1,0,1,1,True,1
Unhearfus,2,3,5,4,False,2
Unicting,1,1,1,1,True,0
Uningably,2,1,2,1,False,1
Unkcal,1,3,3,2,True,0
Unkcatted,2,5,9,2,False,4
Unkepery,1,1,1,1,True,0
Unloweedic,2,1,2,2,False,1
Unpasine,2,5,6,1,False,1
Unprive,1,3,3,3,True,0
Unreezy,2,2,3,1,False,1
Unregul,1,3,3,2,True,0
Unrent,2,1,2,2,False,1
Unrespery,1,1,1,1,True,0
Unressind,2,1,2,1,False,1
Unretereng,1,1,1,1,True,0
Unsible,2,1,3,3,False,2
Unsive,1,1,1,1,True,0
Unteckery,2,5,8,2,False,3
Upead,2,1,3,3,False,2
Urablele,2,1,2,2,False,1
Vales,1,0,4,4,True,4
Valexandez,2,1,5,5,False,4
Valey,1,1,1,1,True,0
Valezaley,2,3,7,7,False,4
Valindle,1,3,3,2,True,0
Valing,1,1,1,1,True,0
Valousead,1,2,2,1,True,0
Vandan,2,7,12,7,False,5
Vandez,2,2,4,3,False,2
Vanglis,2,1,3,3,False,2
Vantonson,2,2,4,4,False,2
Vaught,2,1,3,3,False,2
Vendeck,2,1,3,2,False,2
Venticable,1,1,1,1,True,0
Veriedeezy,2,2,4,1,False,2
Vertfull,2,2,4,1,False,2
Vicke,1,2,2,2,True,0
Villenson,2,3,11,9,False,8
Vincenton,2,4,10,7,False,6
Vines,1,4,4,4,True,0
Vinozarks,2,4,9,8,False,5
Vinston,2,2,4,4,False,2
Vlake,1,0,1,1,True,1
Vlart,1,0,2,1,True,2
Vlate,1,2,2,1,True,0
Vloaf,2,7,12,7,False,5
Voliat,2,4,5,2,False,1
Volloor,1,4,4,1,True,0
Waderoachez,2,4,7,4,False,3
Wagnerray,2,4,11,10,False,7
Wala,2,3,7,7,False,4
Walkerez,1,0,3,1,True,3
Wallerson,1,0,3,3,True,3
Walston,2,1,2,2,False,1
Walterson,2,1,4,3,False,3
Waltonnedy,2,4,9,9,False,5
Waltonson,1,0,2,2,True,2
Walé,1,2,2,2,True,0
Wardendez,2,5,9,5,False,4
Waring,2,5,8,5,False,3
Warrishales,2,7,8,5,False,1
Warrison,2,2,5,5,False,3
Wartyson,2,5,10,6,False,5
Wasede,1,0,1,1,True,1
Wassid,1,1,1,1,True,0
Wassird,2,6,7,4,False,1
Wasterivel,2,3,4,3,False,1
Wate,2,4,7,6,False,3
Water,2,2,3,3,False,1
Waterson,1,0,5,4,True,5
Watie,2,1,2,2,False,1
Watkinsley,2,3,5,5,False,2
Watorivedy,1,1,1,1,True,0
Watsongley,2,1,3,3,False,2
Watte,1,3,3,2,True,0
Watuald,2,2,3,2,False,1
Weaverays,2,1,4,3,False,3
Weaves,2,3,6,5,False,3
Weavesend,2,4,8,8,False,4
Weberton,2,1,3,3,False,2
Weberts,2,1,2,2,False,1
Webstenson,2,2,6,4,False,4
Webstephrey,2,5,9,7,False,4
Webstes,1,2,2,2,True,0
Weeke,2,2,3,3,False,1
Weissey,2,1,4,2,False,3
Wellenez,2,2,3,3,False,1
Welles,2,1,7,6,False,6
Wellierras,2,4,8,2,False,4
Welltonces,2,1,3,3,False,2
Welte,2,2,6,3,False,4
Welto,2,2,3,1,False,1
Whealeed,2,4,5,3,False,1
Wheededly,1,2,2,2,True,0
Wheelez,2,2,7,7,False,5
Whetedy,1,1,1,1,True,0
Whibid,1,2,2,1,True,0
Whifounrew,1,4,4,1,True,0
Whitakers,2,2,4,4,False,2
Whiters,1,0,5,5,True,5
Whitersone,2,2,3,3,False,1
Whitez,2,5,7,6,False,2
Whitledges,2,1,6,5,False,5
Whitneyes,2,1,2,2,False,1
Wiggs,2,1,5,5,False,4
Wiggson,1,0,1,1,True,1
Wilderssen,2,2,5,5,False,3
Wilkinner,2,1,3,3,False,2
Willangsey,2,5,9,6,False,4
Williotters,2,5,6,5,False,1
Willy,2,3,11,5,False,8
Willynnedy,2,2,3,3,False,1
Wilsoney,2,5,10,4,False,5
Win,1,0,1,1,True,1
Wincer,1,3,3,2,True,0
Windend,2,1,2,2,False,1
Wingcoling,2,2,3,2,False,1
Winie,2,4,6,5,False,2
Winsley,1,0,3,3,True,3
Wirdley,2,2,7,4,False,5
Wirybody,2,1,2,1,False,1
Wist,2,1,3,3,False,2
Witalnerod,1,1,1,1,True,0
Witeronfus,2,3,6,4,False,3
Wolfaddox,2,5,8,4,False,3
Wolferguson,2,2,8,7,False,6
Wolfernan,2,1,8,5,False,7
Wolferton,1,0,6,4,True,6
Wolffy,1,0,9,7,True,9
Wonglasquez,2,1,4,3,False,3
Woodgezalez,1,0,4,3,True,4
Woodwardy,2,3,6,5,False,3
Woodwin,2,1,2,2,False,1
Woodwinez,2,4,8,5,False,4
Woodwinton,2,1,4,4,False,3
Woody,2,4,10,8,False,6
Wooes,2,2,3,1,False,1
Wooterston,2,2,4,4,False,2
Workmans,1,0,4,3,True,4
Workmanson,2,1,2,1,False,1
Wrempeedly,1,1,1,1,True,0
Wriggins,1,0,1,1,True,1
Wynneyerson,2,1,2,2,False,1
Yanton,2,2,7,5,False,5
Yatters,2,2,4,2,False,2
Yorkland,2,7,11,7,False,4
Youngrayes,2,1,3,3,False,2
